file_name,family,genus,category_id
images/000/00/818271.jpg,66,1696,0
images/000/00/437000.jpg,66,1696,0
images/000/00/495523.jpg,66,1696,0
images/000/00/72077.jpg,66,1696,0
images/000/00/897248.jpg,66,1696,0
images/000/01/296091.jpg,66,1696,1
images/000/01/826235.jpg,66,1696,1
images/000/01/214562.jpg,66,1696,1
images/000/01/231993.jpg,66,1696,1
images/000/01/816537.jpg,66,1696,1
images/000/02/1029129.jpg,13,332,2
images/000/02/843812.jpg,13,332,2
images/000/03/716064.jpg,13,332,3
images/000/03/825338.jpg,13,332,3
images/000/03/670042.jpg,13,332,3
images/000/04/240862.jpg,13,332,4
images/000/04/702168.jpg,13,332,4
images/000/04/272599.jpg,13,332,4
images/000/04/830263.jpg,13,332,4
images/000/04/723021.jpg,13,332,4
images/000/05/656030.jpg,13,332,5
images/000/05/278590.jpg,13,332,5
images/000/05/538382.jpg,13,332,5
images/000/05/901119.jpg,13,332,5
images/000/05/436896.jpg,13,332,5
images/000/06/304879.jpg,13,332,6
images/000/06/488602.jpg,13,332,6
images/000/06/701271.jpg,13,332,6
images/000/06/515577.jpg,13,332,6
images/000/07/249733.jpg,13,332,7
images/000/07/199281.jpg,13,332,7
images/000/07/203228.jpg,13,332,7
images/000/07/205356.jpg,13,332,7
images/000/07/746217.jpg,13,332,7
images/000/08/535190.jpg,13,332,8
images/000/08/855217.jpg,13,332,8
images/000/08/251878.jpg,13,332,8
images/000/08/671047.jpg,13,332,8
images/000/08/130092.jpg,13,332,8
images/000/09/92441.jpg,13,332,9
images/000/09/461898.jpg,13,332,9
images/000/09/269689.jpg,13,332,9
images/000/09/735349.jpg,13,332,9
images/000/09/763181.jpg,13,332,9
images/000/10/258429.jpg,13,332,10
images/000/10/402787.jpg,13,332,10
images/000/10/528464.jpg,13,332,10
images/000/10/959240.jpg,13,332,10
images/000/10/945074.jpg,13,332,10
images/000/11/785020.jpg,13,332,11
images/000/11/361977.jpg,13,332,11
images/000/11/780754.jpg,13,332,11
images/000/12/193338.jpg,13,332,12
images/000/12/714184.jpg,13,332,12
images/000/12/1003887.jpg,13,332,12
images/000/12/874763.jpg,13,332,12
images/000/12/532767.jpg,13,332,12
images/000/13/617489.jpg,13,332,13
images/000/13/582473.jpg,13,332,13
images/000/13/602581.jpg,13,332,13
images/000/13/570492.jpg,13,332,13
images/000/13/98382.jpg,13,332,13
images/000/14/838917.jpg,13,332,14
images/000/14/339737.jpg,13,332,14
images/000/14/107203.jpg,13,332,14
images/000/14/596919.jpg,13,332,14
images/000/14/419988.jpg,13,332,14
images/000/15/167328.jpg,13,332,15
images/000/15/43081.jpg,13,332,15
images/000/15/36081.jpg,13,332,15
images/000/15/638521.jpg,13,332,15
images/000/15/599631.jpg,13,332,15
images/000/16/577404.jpg,13,332,16
images/000/16/490151.jpg,13,332,16
images/000/16/914651.jpg,13,332,16
images/000/16/718149.jpg,13,332,16
images/000/17/945224.jpg,13,332,17
images/000/17/924155.jpg,13,332,17
images/000/17/238045.jpg,13,332,17
images/000/17/1011644.jpg,13,332,17
images/000/17/596362.jpg,13,332,17
images/000/18/774281.jpg,13,332,18
images/000/18/497401.jpg,13,332,18
images/000/18/914317.jpg,13,332,18
images/000/18/473066.jpg,13,332,18
images/000/18/514171.jpg,13,332,18
images/000/19/35669.jpg,13,332,19
images/000/19/317382.jpg,13,332,19
images/000/19/474724.jpg,13,332,19
images/000/19/122643.jpg,13,332,19
images/000/20/441295.jpg,13,332,20
images/000/20/792192.jpg,13,332,20
images/000/20/666803.jpg,13,332,20
images/000/20/133758.jpg,13,332,20
images/000/20/537585.jpg,13,332,20
images/000/21/1084.jpg,13,332,21
images/000/21/743790.jpg,13,332,21
images/000/22/67806.jpg,13,332,22
images/000/22/246161.jpg,13,332,22
images/000/22/285440.jpg,13,332,22
images/000/22/810516.jpg,13,332,22
images/000/22/98653.jpg,13,332,22
images/000/23/867420.jpg,13,332,23
images/000/23/621170.jpg,13,332,23
images/000/23/967092.jpg,13,332,23
images/000/23/807787.jpg,13,332,23
images/000/23/82063.jpg,13,332,23
images/000/24/716886.jpg,13,332,24
images/000/24/737424.jpg,13,332,24
images/000/25/727052.jpg,13,332,25
images/000/25/816776.jpg,13,332,25
images/000/25/71364.jpg,13,332,25
images/000/25/521310.jpg,13,332,25
images/000/25/934877.jpg,13,332,25
images/000/26/277181.jpg,13,332,26
images/000/26/657754.jpg,13,332,26
images/000/26/498465.jpg,13,332,26
images/000/27/370973.jpg,13,332,27
images/000/27/934404.jpg,13,332,27
images/000/27/847373.jpg,13,332,27
images/000/27/733977.jpg,13,332,27
images/000/28/837568.jpg,13,332,28
images/000/28/541066.jpg,13,332,28
images/000/29/409978.jpg,109,2028,29
images/000/29/714066.jpg,109,2028,29
images/000/29/815562.jpg,109,2028,29
images/000/29/55683.jpg,109,2028,29
images/000/29/384305.jpg,109,2028,29
images/000/30/438824.jpg,264,3518,30
images/000/30/672966.jpg,264,3518,30
images/000/30/248928.jpg,264,3518,30
images/000/30/704469.jpg,264,3518,30
images/000/30/332680.jpg,264,3518,30
images/000/31/237944.jpg,264,3518,31
images/000/31/250589.jpg,264,3518,31
images/000/31/469352.jpg,264,3518,31
images/000/31/480152.jpg,264,3518,31
images/000/31/644139.jpg,264,3518,31
images/000/32/581268.jpg,264,3518,32
images/000/32/362619.jpg,264,3518,32
images/000/32/343046.jpg,264,3518,32
images/000/33/979268.jpg,264,3518,33
images/000/33/1202.jpg,264,3518,33
images/000/33/96567.jpg,264,3518,33
images/000/33/691342.jpg,264,3518,33
images/000/33/944755.jpg,264,3518,33
images/000/34/889935.jpg,264,3518,34
images/000/34/710945.jpg,264,3518,34
images/000/34/278894.jpg,264,3518,34
images/000/34/459641.jpg,264,3518,34
images/000/34/543317.jpg,264,3518,34
images/000/35/900079.jpg,264,3518,35
images/000/35/541900.jpg,264,3518,35
images/000/35/91496.jpg,264,3518,35
images/000/35/110333.jpg,264,3518,35
images/000/35/228210.jpg,264,3518,35
images/000/36/224360.jpg,102,1739,36
images/000/36/955278.jpg,102,1739,36
images/000/36/997108.jpg,102,1739,36
images/000/36/164452.jpg,102,1739,36
images/000/36/850780.jpg,102,1739,36
images/000/37/579748.jpg,85,220,37
images/000/37/450032.jpg,85,220,37
images/000/37/130070.jpg,85,220,37
images/000/37/275386.jpg,85,220,37
images/000/37/120155.jpg,85,220,37
images/000/38/214753.jpg,85,220,38
images/000/38/478320.jpg,85,220,38
images/000/39/63498.jpg,85,220,39
images/000/39/902603.jpg,85,220,39
images/000/39/547709.jpg,85,220,39
images/000/39/442678.jpg,85,220,39
images/000/40/562260.jpg,85,220,40
images/000/40/603152.jpg,85,220,40
images/000/41/958543.jpg,85,220,41
images/000/41/798724.jpg,85,220,41
images/000/41/361805.jpg,85,220,41
images/000/41/595747.jpg,85,220,41
images/000/41/251219.jpg,85,220,41
images/000/42/654556.jpg,85,220,42
images/000/42/359759.jpg,85,220,42
images/000/42/108671.jpg,85,220,42
images/000/42/992953.jpg,85,220,42
images/000/42/342327.jpg,85,220,42
images/000/43/128957.jpg,85,220,43
images/000/43/515749.jpg,85,220,43
images/000/43/287633.jpg,85,220,43
images/000/43/86191.jpg,85,220,43
images/000/43/294382.jpg,85,220,43
images/000/44/459167.jpg,85,220,44
images/000/44/1030339.jpg,85,220,44
images/000/44/739133.jpg,85,220,44
images/000/44/250613.jpg,85,220,44
images/000/44/247501.jpg,85,220,44
images/000/45/894167.jpg,85,220,45
images/000/45/361468.jpg,85,220,45
images/000/45/214015.jpg,85,220,45
images/000/45/607799.jpg,85,220,45
images/000/46/979462.jpg,85,220,46
images/000/46/76665.jpg,85,220,46
images/000/46/633645.jpg,85,220,46
images/000/47/843546.jpg,85,220,47
images/000/47/562018.jpg,85,220,47
images/000/47/12305.jpg,85,220,47
images/000/47/102530.jpg,85,220,47
images/000/48/721688.jpg,85,220,48
images/000/48/825742.jpg,85,220,48
images/000/49/265317.jpg,8,2122,49
images/000/49/900851.jpg,8,2122,49
images/000/49/531356.jpg,8,2122,49
images/000/49/244431.jpg,8,2122,49
images/000/49/194793.jpg,8,2122,49
images/000/50/842092.jpg,160,3251,50
images/000/50/874727.jpg,160,3251,50
images/000/51/167872.jpg,160,3251,51
images/000/51/177942.jpg,160,3251,51
images/000/52/779484.jpg,160,3251,52
images/000/52/9090.jpg,160,3251,52
images/000/52/415751.jpg,160,3251,52
images/000/52/293649.jpg,160,3251,52
images/000/53/712755.jpg,160,3251,53
images/000/53/365906.jpg,160,3251,53
images/000/53/386414.jpg,160,3251,53
images/000/53/782853.jpg,160,3251,53
images/000/53/1013945.jpg,160,3251,53
images/000/54/303273.jpg,160,3251,54
images/000/54/887971.jpg,160,3251,54
images/000/54/778393.jpg,160,3251,54
images/000/54/197058.jpg,160,3251,54
images/000/55/512783.jpg,160,3251,55
images/000/55/236988.jpg,160,3251,55
images/000/55/886343.jpg,160,3251,55
images/000/56/650048.jpg,160,3251,56
images/000/56/105188.jpg,160,3251,56
images/000/56/97544.jpg,160,3251,56
images/000/56/819076.jpg,160,3251,56
images/000/56/491025.jpg,160,3251,56
images/000/57/432953.jpg,160,3251,57
images/000/57/960428.jpg,160,3251,57
images/000/57/981091.jpg,160,3251,57
images/000/57/478203.jpg,160,3251,57
images/000/57/349964.jpg,160,3251,57
images/000/58/46300.jpg,160,3251,58
images/000/58/747424.jpg,160,3251,58
images/000/58/637702.jpg,160,3251,58
images/000/58/406216.jpg,160,3251,58
images/000/58/113168.jpg,160,3251,58
images/000/59/379619.jpg,160,3251,59
images/000/59/1003572.jpg,160,3251,59
images/000/60/23881.jpg,160,3251,60
images/000/60/978440.jpg,160,3251,60
images/000/60/372482.jpg,160,3251,60
images/000/60/172552.jpg,160,3251,60
images/000/61/149466.jpg,160,3251,61
images/000/61/176692.jpg,160,3251,61
images/000/61/205281.jpg,160,3251,61
images/000/61/231239.jpg,160,3251,61
images/000/61/535374.jpg,160,3251,61
images/000/62/710792.jpg,160,3251,62
images/000/62/266552.jpg,160,3251,62
images/000/62/129425.jpg,160,3251,62
images/000/62/605843.jpg,160,3251,62
images/000/62/322395.jpg,160,3251,62
images/000/63/1027058.jpg,160,3251,63
images/000/63/619798.jpg,160,3251,63
images/000/63/277308.jpg,160,3251,63
images/000/63/548908.jpg,160,3251,63
images/000/63/1020945.jpg,160,3251,63
images/000/64/593664.jpg,160,3251,64
images/000/64/73523.jpg,160,3251,64
images/000/64/373877.jpg,160,3251,64
images/000/64/937398.jpg,160,3251,64
images/000/64/883677.jpg,160,3251,64
images/000/65/829184.jpg,160,3251,65
images/000/65/175467.jpg,160,3251,65
images/000/65/572584.jpg,160,3251,65
images/000/65/114573.jpg,160,3251,65
images/000/65/746075.jpg,160,3251,65
images/000/66/34269.jpg,13,1239,66
images/000/66/781276.jpg,13,1239,66
images/000/66/563158.jpg,13,1239,66
images/000/66/446769.jpg,13,1239,66
images/000/67/605767.jpg,43,812,67
images/000/67/790642.jpg,43,812,67
images/000/67/1017525.jpg,43,812,67
images/000/67/394667.jpg,43,812,67
images/000/68/119115.jpg,43,812,68
images/000/68/729321.jpg,43,812,68
images/000/68/958515.jpg,43,812,68
images/000/68/923672.jpg,43,812,68
images/000/68/715710.jpg,43,812,68
images/000/69/577381.jpg,43,812,69
images/000/69/319827.jpg,43,812,69
images/000/69/959640.jpg,43,812,69
images/000/69/703811.jpg,43,812,69
images/000/70/610794.jpg,43,812,70
images/000/70/167550.jpg,43,812,70
images/000/70/581925.jpg,43,812,70
images/000/70/750928.jpg,43,812,70
images/000/70/780473.jpg,43,812,70
images/000/71/358882.jpg,43,812,71
images/000/71/590049.jpg,43,812,71
images/000/71/700961.jpg,43,812,71
images/000/71/934957.jpg,43,812,71
images/000/71/791730.jpg,43,812,71
images/000/72/302213.jpg,43,812,72
images/000/72/488901.jpg,43,812,72
images/000/72/350818.jpg,43,812,72
images/000/72/728928.jpg,43,812,72
images/000/72/770842.jpg,43,812,72
images/000/73/87632.jpg,43,812,73
images/000/73/308458.jpg,43,812,73
images/000/73/920526.jpg,43,812,73
images/000/73/428498.jpg,43,812,73
images/000/73/96527.jpg,43,812,73
images/000/74/360597.jpg,43,812,74
images/000/74/1014453.jpg,43,812,74
images/000/74/674733.jpg,43,812,74
images/000/74/60896.jpg,43,812,74
images/000/74/148145.jpg,43,812,74
images/000/75/995605.jpg,43,812,75
images/000/75/339593.jpg,43,812,75
images/000/75/216986.jpg,43,812,75
images/000/75/154800.jpg,43,812,75
images/000/75/359631.jpg,43,812,75
images/000/76/116167.jpg,43,812,76
images/000/76/594694.jpg,43,812,76
images/000/76/1016644.jpg,43,812,76
images/000/76/703432.jpg,43,812,76
images/000/76/96435.jpg,43,812,76
images/000/77/604019.jpg,43,812,77
images/000/77/2438.jpg,43,812,77
images/000/77/813469.jpg,43,812,77
images/000/77/327646.jpg,43,812,77
images/000/77/852217.jpg,43,812,77
images/000/78/1025812.jpg,43,812,78
images/000/78/489622.jpg,43,812,78
images/000/78/746475.jpg,43,812,78
images/000/78/4903.jpg,43,812,78
images/000/79/385731.jpg,43,812,79
images/000/79/657770.jpg,43,812,79
images/000/79/544463.jpg,43,812,79
images/000/79/574059.jpg,43,812,79
images/000/79/399572.jpg,43,812,79
images/000/80/860626.jpg,74,560,80
images/000/80/724048.jpg,74,560,80
images/000/80/629570.jpg,74,560,80
images/000/80/357777.jpg,74,560,80
images/000/81/831129.jpg,74,560,81
images/000/81/356563.jpg,74,560,81
images/000/81/541130.jpg,74,560,81
images/000/81/958748.jpg,74,560,81
images/000/81/712262.jpg,74,560,81
images/000/82/978246.jpg,74,560,82
images/000/82/577770.jpg,74,560,82
images/000/82/41029.jpg,74,560,82
images/000/82/59099.jpg,74,560,82
images/000/82/692762.jpg,74,560,82
images/000/83/776918.jpg,74,560,83
images/000/83/158084.jpg,74,560,83
images/000/84/307787.jpg,74,560,84
images/000/84/534609.jpg,74,560,84
images/000/84/376351.jpg,74,560,84
images/000/84/383927.jpg,74,560,84
images/000/85/226012.jpg,74,560,85
images/000/85/966131.jpg,74,560,85
images/000/85/207279.jpg,74,560,85
images/000/85/90131.jpg,74,560,85
images/000/86/906914.jpg,74,560,86
images/000/86/947202.jpg,74,560,86
images/000/86/728165.jpg,74,560,86
images/000/86/684155.jpg,74,560,86
images/000/86/937380.jpg,74,560,86
images/000/87/588639.jpg,74,560,87
images/000/87/866079.jpg,74,560,87
images/000/87/261965.jpg,74,560,87
images/000/87/730645.jpg,74,560,87
images/000/87/141897.jpg,74,560,87
images/000/88/277059.jpg,74,560,88
images/000/88/480626.jpg,74,560,88
images/000/88/908054.jpg,74,560,88
images/000/88/101909.jpg,74,560,88
images/000/88/450617.jpg,74,560,88
images/000/89/108852.jpg,74,560,89
images/000/89/327210.jpg,74,560,89
images/000/89/253010.jpg,74,560,89
images/000/89/449844.jpg,74,560,89
images/000/89/260481.jpg,74,560,89
images/000/90/181632.jpg,74,560,90
images/000/90/675149.jpg,74,560,90
images/000/90/750850.jpg,74,560,90
images/000/90/152951.jpg,74,560,90
images/000/90/393725.jpg,74,560,90
images/000/91/470634.jpg,74,560,91
images/000/91/464016.jpg,74,560,91
images/000/91/999779.jpg,74,560,91
images/000/91/704558.jpg,74,560,91
images/000/91/352629.jpg,74,560,91
images/000/92/83924.jpg,74,560,92
images/000/92/861089.jpg,74,560,92
images/000/92/257523.jpg,74,560,92
images/000/92/397141.jpg,74,560,92
images/000/93/112256.jpg,74,560,93
images/000/93/334347.jpg,74,560,93
images/000/93/157083.jpg,74,560,93
images/000/93/983740.jpg,74,560,93
images/000/93/566417.jpg,74,560,93
images/000/94/305496.jpg,74,560,94
images/000/94/884709.jpg,74,560,94
images/000/94/876629.jpg,74,560,94
images/000/94/626544.jpg,74,560,94
images/000/94/269938.jpg,74,560,94
images/000/95/859954.jpg,74,560,95
images/000/95/640625.jpg,74,560,95
images/000/95/451896.jpg,74,560,95
images/000/95/730646.jpg,74,560,95
images/000/95/358743.jpg,74,560,95
images/000/96/79047.jpg,74,560,96
images/000/96/810458.jpg,74,560,96
images/000/96/586618.jpg,74,560,96
images/000/96/567855.jpg,74,560,96
images/000/97/600873.jpg,74,560,97
images/000/97/418759.jpg,74,560,97
images/000/97/6351.jpg,74,560,97
images/000/97/761425.jpg,74,560,97
images/000/97/486903.jpg,74,560,97
images/000/98/560200.jpg,74,560,98
images/000/98/443770.jpg,74,560,98
images/000/98/418120.jpg,74,560,98
images/000/98/149231.jpg,74,560,98
images/000/98/406355.jpg,74,560,98
images/000/99/174263.jpg,74,560,99
images/000/99/564795.jpg,74,560,99
images/000/99/366841.jpg,74,560,99
images/000/99/995043.jpg,74,560,99
images/000/99/153228.jpg,74,560,99
images/001/00/579051.jpg,74,560,100
images/001/00/231977.jpg,74,560,100
images/001/00/972859.jpg,74,560,100
images/001/00/621914.jpg,74,560,100
images/001/00/290799.jpg,74,560,100
images/001/01/552808.jpg,13,2816,101
images/001/01/453559.jpg,13,2816,101
images/001/01/855051.jpg,13,2816,101
images/001/01/613508.jpg,13,2816,101
images/001/01/987462.jpg,13,2816,101
images/001/02/540673.jpg,183,1872,102
images/001/02/101064.jpg,183,1872,102
images/001/02/996195.jpg,183,1872,102
images/001/02/665413.jpg,183,1872,102
images/001/02/125294.jpg,183,1872,102
images/001/03/71278.jpg,40,86,103
images/001/03/484434.jpg,40,86,103
images/001/03/430707.jpg,40,86,103
images/001/03/608481.jpg,40,86,103
images/001/03/779897.jpg,40,86,103
images/001/04/425552.jpg,40,86,104
images/001/04/147607.jpg,40,86,104
images/001/04/686634.jpg,40,86,104
images/001/04/267312.jpg,40,86,104
images/001/04/733489.jpg,40,86,104
images/001/05/934431.jpg,40,86,105
images/001/05/387300.jpg,40,86,105
images/001/05/152384.jpg,40,86,105
images/001/05/340699.jpg,40,86,105
images/001/05/765504.jpg,40,86,105
images/001/06/836685.jpg,40,86,106
images/001/06/555277.jpg,40,86,106
images/001/06/415990.jpg,40,86,106
images/001/06/371895.jpg,40,86,106
images/001/06/509665.jpg,40,86,106
images/001/07/1019797.jpg,40,86,107
images/001/07/927574.jpg,40,86,107
images/001/08/888317.jpg,40,86,108
images/001/08/763754.jpg,40,86,108
images/001/08/108054.jpg,40,86,108
images/001/08/957952.jpg,40,86,108
images/001/08/276252.jpg,40,86,108
images/001/09/31891.jpg,40,86,109
images/001/09/667740.jpg,40,86,109
images/001/09/781778.jpg,40,86,109
images/001/09/988782.jpg,40,86,109
images/001/09/46521.jpg,40,86,109
images/001/10/64625.jpg,40,86,110
images/001/10/552191.jpg,40,86,110
images/001/10/902407.jpg,40,86,110
images/001/10/966851.jpg,40,86,110
images/001/10/739928.jpg,40,86,110
images/001/11/940591.jpg,40,86,111
images/001/11/679988.jpg,40,86,111
images/001/11/442530.jpg,40,86,111
images/001/11/44694.jpg,40,86,111
images/001/11/577358.jpg,40,86,111
images/001/12/835511.jpg,40,86,112
images/001/12/888961.jpg,40,86,112
images/001/12/229094.jpg,40,86,112
images/001/12/449767.jpg,40,86,112
images/001/13/156862.jpg,40,86,113
images/001/13/722183.jpg,40,86,113
images/001/13/524471.jpg,40,86,113
images/001/13/151009.jpg,40,86,113
images/001/13/252121.jpg,40,86,113
images/001/14/457003.jpg,40,86,114
images/001/14/866006.jpg,40,86,114
images/001/14/594120.jpg,40,86,114
images/001/14/1018354.jpg,40,86,114
images/001/14/310974.jpg,40,86,114
images/001/15/985642.jpg,40,86,115
images/001/15/629231.jpg,40,86,115
images/001/15/326956.jpg,40,86,115
images/001/15/413154.jpg,40,86,115
images/001/16/479800.jpg,40,86,116
images/001/16/954451.jpg,40,86,116
images/001/16/877518.jpg,40,86,116
images/001/16/670418.jpg,40,86,116
images/001/16/949508.jpg,40,86,116
images/001/17/390349.jpg,40,86,117
images/001/17/822942.jpg,40,86,117
images/001/17/875048.jpg,40,86,117
images/001/17/302573.jpg,40,86,117
images/001/17/621876.jpg,40,86,117
images/001/18/585944.jpg,40,86,118
images/001/18/711522.jpg,40,86,118
images/001/18/129656.jpg,40,86,118
images/001/18/621355.jpg,40,86,118
images/001/18/278565.jpg,40,86,118
images/001/19/158489.jpg,40,86,119
images/001/19/847200.jpg,40,86,119
images/001/19/981217.jpg,40,86,119
images/001/19/131216.jpg,40,86,119
images/001/19/533270.jpg,40,86,119
images/001/20/770162.jpg,40,86,120
images/001/20/689359.jpg,40,86,120
images/001/20/544701.jpg,40,86,120
images/001/20/535227.jpg,40,86,120
images/001/20/1014974.jpg,40,86,120
images/001/21/962320.jpg,40,86,121
images/001/21/605925.jpg,40,86,121
images/001/22/245501.jpg,40,86,122
images/001/22/185247.jpg,40,86,122
images/001/22/156642.jpg,40,86,122
images/001/22/512428.jpg,40,86,122
images/001/22/983293.jpg,40,86,122
images/001/23/397616.jpg,40,86,123
images/001/23/928002.jpg,40,86,123
images/001/23/148860.jpg,40,86,123
images/001/23/991107.jpg,40,86,123
images/001/23/489986.jpg,40,86,123
images/001/24/430428.jpg,40,86,124
images/001/24/468399.jpg,40,86,124
images/001/24/743111.jpg,40,86,124
images/001/24/515126.jpg,40,86,124
images/001/24/820709.jpg,40,86,124
images/001/25/792598.jpg,40,86,125
images/001/25/439849.jpg,40,86,125
images/001/25/638945.jpg,40,86,125
images/001/25/637446.jpg,40,86,125
images/001/25/576291.jpg,40,86,125
images/001/26/858311.jpg,40,86,126
images/001/26/913595.jpg,40,86,126
images/001/26/95461.jpg,40,86,126
images/001/26/968772.jpg,40,86,126
images/001/26/308238.jpg,40,86,126
images/001/27/1014562.jpg,40,86,127
images/001/27/48198.jpg,40,86,127
images/001/27/888307.jpg,40,86,127
images/001/27/669713.jpg,40,86,127
images/001/27/942368.jpg,40,86,127
images/001/28/80612.jpg,40,86,128
images/001/28/134200.jpg,40,86,128
images/001/29/421128.jpg,40,86,129
images/001/29/451741.jpg,40,86,129
images/001/29/633839.jpg,40,86,129
images/001/29/788168.jpg,40,86,129
images/001/29/131651.jpg,40,86,129
images/001/30/865796.jpg,40,86,130
images/001/30/347132.jpg,40,86,130
images/001/30/322654.jpg,40,86,130
images/001/30/209946.jpg,40,86,130
images/001/30/150523.jpg,40,86,130
images/001/31/633849.jpg,40,86,131
images/001/31/867262.jpg,40,86,131
images/001/31/607809.jpg,40,86,131
images/001/31/912126.jpg,40,86,131
images/001/32/627471.jpg,40,86,132
images/001/32/40358.jpg,40,86,132
images/001/32/30423.jpg,40,86,132
images/001/32/54600.jpg,40,86,132
images/001/32/402052.jpg,40,86,132
images/001/33/578808.jpg,40,86,133
images/001/33/399582.jpg,40,86,133
images/001/33/56614.jpg,40,86,133
images/001/33/510731.jpg,40,86,133
images/001/33/1017698.jpg,40,86,133
images/001/34/551540.jpg,40,86,134
images/001/34/366037.jpg,40,86,134
images/001/34/16615.jpg,40,86,134
images/001/34/1023467.jpg,40,86,134
images/001/34/965030.jpg,40,86,134
images/001/35/548778.jpg,40,86,135
images/001/35/674386.jpg,40,86,135
images/001/35/280724.jpg,40,86,135
images/001/35/383364.jpg,40,86,135
images/001/35/308996.jpg,40,86,135
images/001/36/118635.jpg,40,86,136
images/001/36/595019.jpg,40,86,136
images/001/36/506841.jpg,40,86,136
images/001/37/639303.jpg,5,3548,137
images/001/37/562074.jpg,5,3548,137
images/001/37/148874.jpg,5,3548,137
images/001/37/267253.jpg,5,3548,137
images/001/37/33553.jpg,5,3548,137
images/001/38/913274.jpg,5,3548,138
images/001/38/136986.jpg,5,3548,138
images/001/38/783587.jpg,5,3548,138
images/001/38/213725.jpg,5,3548,138
images/001/38/637552.jpg,5,3548,138
images/001/39/798348.jpg,38,2234,139
images/001/39/6219.jpg,38,2234,139
images/001/40/709399.jpg,44,3097,140
images/001/40/506057.jpg,44,3097,140
images/001/40/326547.jpg,44,3097,140
images/001/40/1018148.jpg,44,3097,140
images/001/40/561341.jpg,44,3097,140
images/001/41/858315.jpg,44,3097,141
images/001/41/503929.jpg,44,3097,141
images/001/41/421438.jpg,44,3097,141
images/001/41/114816.jpg,44,3097,141
images/001/41/263782.jpg,44,3097,141
images/001/42/538650.jpg,5,474,142
images/001/42/375901.jpg,5,474,142
images/001/42/17779.jpg,5,474,142
images/001/42/777798.jpg,5,474,142
images/001/42/890316.jpg,5,474,142
images/001/43/212146.jpg,5,474,143
images/001/43/863706.jpg,5,474,143
images/001/43/68392.jpg,5,474,143
images/001/43/979368.jpg,5,474,143
images/001/43/429012.jpg,5,474,143
images/001/44/336482.jpg,5,474,144
images/001/44/878136.jpg,5,474,144
images/001/44/320465.jpg,5,474,144
images/001/44/339610.jpg,5,474,144
images/001/44/141566.jpg,5,474,144
images/001/45/505260.jpg,18,1384,145
images/001/45/440639.jpg,18,1384,145
images/001/45/975614.jpg,18,1384,145
images/001/45/581060.jpg,18,1384,145
images/001/45/677144.jpg,18,1384,145
images/001/46/367894.jpg,18,2129,146
images/001/46/207439.jpg,18,2129,146
images/001/46/957707.jpg,18,2129,146
images/001/46/160577.jpg,18,2129,146
images/001/46/642330.jpg,18,2129,146
images/001/47/45815.jpg,56,2953,147
images/001/47/242293.jpg,56,2953,147
images/001/47/426253.jpg,56,2953,147
images/001/47/1023269.jpg,56,2953,147
images/001/47/625395.jpg,56,2953,147
images/001/48/773754.jpg,56,2953,148
images/001/48/867360.jpg,56,2953,148
images/001/48/659612.jpg,56,2953,148
images/001/48/708824.jpg,56,2953,148
images/001/48/272184.jpg,56,2953,148
images/001/49/240457.jpg,56,2953,149
images/001/49/476607.jpg,56,2953,149
images/001/49/703149.jpg,56,2953,149
images/001/49/896448.jpg,56,2953,149
images/001/49/606907.jpg,56,2953,149
images/001/50/175022.jpg,56,2953,150
images/001/50/901987.jpg,56,2953,150
images/001/50/538735.jpg,56,2953,150
images/001/50/412210.jpg,56,2953,150
images/001/50/343212.jpg,56,2953,150
images/001/51/410758.jpg,56,2953,151
images/001/51/499356.jpg,56,2953,151
images/001/51/491452.jpg,56,2953,151
images/001/51/410136.jpg,56,2953,151
images/001/51/430180.jpg,56,2953,151
images/001/52/587255.jpg,56,2953,152
images/001/52/766449.jpg,56,2953,152
images/001/52/206728.jpg,56,2953,152
images/001/52/122425.jpg,56,2953,152
images/001/52/549791.jpg,56,2953,152
images/001/53/387009.jpg,56,2953,153
images/001/53/1023606.jpg,56,2953,153
images/001/53/897701.jpg,56,2953,153
images/001/53/999577.jpg,56,2953,153
images/001/53/12470.jpg,56,2953,153
images/001/54/271045.jpg,56,2953,154
images/001/54/260709.jpg,56,2953,154
images/001/54/557648.jpg,56,2953,154
images/001/54/686944.jpg,56,2953,154
images/001/54/23386.jpg,56,2953,154
images/001/55/200191.jpg,56,2953,155
images/001/55/569606.jpg,56,2953,155
images/001/55/206802.jpg,56,2953,155
images/001/55/308622.jpg,56,2953,155
images/001/55/736927.jpg,56,2953,155
images/001/56/95586.jpg,56,2953,156
images/001/56/383365.jpg,56,2953,156
images/001/56/984187.jpg,56,2953,156
images/001/56/433600.jpg,56,2953,156
images/001/56/558504.jpg,56,2953,156
images/001/57/736358.jpg,56,2953,157
images/001/57/993816.jpg,56,2953,157
images/001/57/98529.jpg,56,2953,157
images/001/57/1003197.jpg,56,2953,157
images/001/57/717.jpg,56,2953,157
images/001/58/831952.jpg,56,2953,158
images/001/58/984861.jpg,56,2953,158
images/001/58/960517.jpg,56,2953,158
images/001/58/612678.jpg,56,2953,158
images/001/58/988742.jpg,56,2953,158
images/001/59/1028493.jpg,56,2953,159
images/001/59/109405.jpg,56,2953,159
images/001/59/494685.jpg,56,2953,159
images/001/59/183440.jpg,56,2953,159
images/001/59/281912.jpg,56,2953,159
images/001/60/742556.jpg,56,2953,160
images/001/60/476419.jpg,56,2953,160
images/001/60/690226.jpg,56,2953,160
images/001/60/608009.jpg,56,2953,160
images/001/60/936489.jpg,56,2953,160
images/001/61/21482.jpg,110,1412,161
images/001/61/466413.jpg,110,1412,161
images/001/61/935519.jpg,110,1412,161
images/001/61/833934.jpg,110,1412,161
images/001/61/32477.jpg,110,1412,161
images/001/62/82116.jpg,5,81,162
images/001/62/463098.jpg,5,81,162
images/001/62/133472.jpg,5,81,162
images/001/62/871218.jpg,5,81,162
images/001/62/930850.jpg,5,81,162
images/001/63/552698.jpg,5,81,163
images/001/63/850774.jpg,5,81,163
images/001/63/385464.jpg,5,81,163
images/001/63/58415.jpg,5,81,163
images/001/63/593083.jpg,5,81,163
images/001/64/124284.jpg,106,2798,164
images/001/64/465168.jpg,106,2798,164
images/001/64/709021.jpg,106,2798,164
images/001/64/296746.jpg,106,2798,164
images/001/65/638129.jpg,71,2723,165
images/001/65/212620.jpg,71,2723,165
images/001/65/175633.jpg,71,2723,165
images/001/65/370322.jpg,71,2723,165
images/001/65/808497.jpg,71,2723,165
images/001/66/733005.jpg,85,219,166
images/001/66/138806.jpg,85,219,166
images/001/67/633915.jpg,257,3468,167
images/001/67/984849.jpg,257,3468,167
images/001/67/717750.jpg,257,3468,167
images/001/67/956136.jpg,257,3468,167
images/001/67/310907.jpg,257,3468,167
images/001/68/957248.jpg,71,2334,168
images/001/68/494904.jpg,71,2334,168
images/001/68/278326.jpg,71,2334,168
images/001/68/244530.jpg,71,2334,168
images/001/68/383076.jpg,71,2334,168
images/001/69/945540.jpg,71,2334,169
images/001/69/834613.jpg,71,2334,169
images/001/69/47974.jpg,71,2334,169
images/001/69/397365.jpg,71,2334,169
images/001/69/558576.jpg,71,2334,169
images/001/70/706539.jpg,71,2334,170
images/001/70/433346.jpg,71,2334,170
images/001/70/331550.jpg,71,2334,170
images/001/70/854549.jpg,71,2334,170
images/001/70/373961.jpg,71,2334,170
images/001/71/656505.jpg,71,2334,171
images/001/71/893540.jpg,71,2334,171
images/001/71/951653.jpg,71,2334,171
images/001/72/710795.jpg,71,2334,172
images/001/72/990545.jpg,71,2334,172
images/001/72/125185.jpg,71,2334,172
images/001/72/134273.jpg,71,2334,172
images/001/73/99808.jpg,71,2334,173
images/001/73/624498.jpg,71,2334,173
images/001/74/559493.jpg,71,2334,174
images/001/74/848223.jpg,71,2334,174
images/001/74/87193.jpg,71,2334,174
images/001/74/269188.jpg,71,2334,174
images/001/74/600269.jpg,71,2334,174
images/001/75/22537.jpg,71,2334,175
images/001/75/583115.jpg,71,2334,175
images/001/75/544114.jpg,71,2334,175
images/001/75/497286.jpg,71,2334,175
images/001/75/340654.jpg,71,2334,175
images/001/76/9599.jpg,71,2334,176
images/001/76/260305.jpg,71,2334,176
images/001/76/860557.jpg,71,2334,176
images/001/76/901356.jpg,71,2334,176
images/001/76/545609.jpg,71,2334,176
images/001/77/44382.jpg,71,2334,177
images/001/77/209027.jpg,71,2334,177
images/001/77/970173.jpg,71,2334,177
images/001/77/276002.jpg,71,2334,177
images/001/77/63885.jpg,71,2334,177
images/001/78/315205.jpg,71,2334,178
images/001/78/221097.jpg,71,2334,178
images/001/78/754251.jpg,71,2334,178
images/001/78/185531.jpg,71,2334,178
images/001/78/55769.jpg,71,2334,178
images/001/79/397744.jpg,71,2334,179
images/001/79/302565.jpg,71,2334,179
images/001/79/573946.jpg,71,2334,179
images/001/79/449880.jpg,71,2334,179
images/001/79/500038.jpg,71,2334,179
images/001/80/255294.jpg,71,2334,180
images/001/80/781349.jpg,71,2334,180
images/001/80/70783.jpg,71,2334,180
images/001/80/908295.jpg,71,2334,180
images/001/80/935506.jpg,71,2334,180
images/001/81/436752.jpg,71,2334,181
images/001/81/608607.jpg,71,2334,181
images/001/81/499090.jpg,71,2334,181
images/001/81/591210.jpg,71,2334,181
images/001/81/807585.jpg,71,2334,181
images/001/82/939482.jpg,71,2334,182
images/001/82/137158.jpg,71,2334,182
images/001/82/729759.jpg,71,2334,182
images/001/82/848864.jpg,71,2334,182
images/001/82/144715.jpg,71,2334,182
images/001/83/181813.jpg,71,2334,183
images/001/83/292377.jpg,71,2334,183
images/001/83/1030092.jpg,71,2334,183
images/001/83/920009.jpg,71,2334,183
images/001/84/872611.jpg,71,2334,184
images/001/84/1009325.jpg,71,2334,184
images/001/84/32695.jpg,71,2334,184
images/001/84/730555.jpg,71,2334,184
images/001/84/921677.jpg,71,2334,184
images/001/85/249074.jpg,71,2334,185
images/001/85/357899.jpg,71,2334,185
images/001/85/185718.jpg,71,2334,185
images/001/85/798624.jpg,71,2334,185
images/001/85/326846.jpg,71,2334,185
images/001/86/657361.jpg,71,2334,186
images/001/86/929548.jpg,71,2334,186
images/001/86/96362.jpg,71,2334,186
images/001/86/215824.jpg,71,2334,186
images/001/86/141303.jpg,71,2334,186
images/001/87/650951.jpg,71,2334,187
images/001/87/295736.jpg,71,2334,187
images/001/87/208978.jpg,71,2334,187
images/001/87/952544.jpg,71,2334,187
images/001/87/1027138.jpg,71,2334,187
images/001/88/268017.jpg,71,2334,188
images/001/88/519454.jpg,71,2334,188
images/001/88/85013.jpg,71,2334,188
images/001/88/450054.jpg,71,2334,188
images/001/89/404923.jpg,71,2334,189
images/001/89/655058.jpg,71,2334,189
images/001/89/951473.jpg,71,2334,189
images/001/89/180569.jpg,71,2334,189
images/001/89/753045.jpg,71,2334,189
images/001/90/344342.jpg,71,2334,190
images/001/90/363065.jpg,71,2334,190
images/001/90/399290.jpg,71,2334,190
images/001/90/142072.jpg,71,2334,190
images/001/90/1025554.jpg,71,2334,190
images/001/91/2095.jpg,71,2334,191
images/001/91/101411.jpg,71,2334,191
images/001/91/130803.jpg,71,2334,191
images/001/91/969704.jpg,71,2334,191
images/001/91/510297.jpg,71,2334,191
images/001/92/293668.jpg,5,3550,192
images/001/92/74486.jpg,5,3550,192
images/001/92/582478.jpg,5,3550,192
images/001/92/425727.jpg,5,3550,192
images/001/92/820886.jpg,5,3550,192
images/001/93/305677.jpg,130,963,193
images/001/93/647763.jpg,130,963,193
images/001/93/394660.jpg,130,963,193
images/001/93/618014.jpg,130,963,193
images/001/93/38262.jpg,130,963,193
images/001/94/478077.jpg,5,439,194
images/001/94/10955.jpg,5,439,194
images/001/94/870148.jpg,5,439,194
images/001/94/95035.jpg,5,439,194
images/001/94/761467.jpg,5,439,194
images/001/95/216508.jpg,5,439,195
images/001/95/890741.jpg,5,439,195
images/001/95/201547.jpg,5,439,195
images/001/95/461743.jpg,5,439,195
images/001/95/240406.jpg,5,439,195
images/001/96/46708.jpg,5,439,196
images/001/96/671188.jpg,5,439,196
images/001/96/91692.jpg,5,439,196
images/001/96/95598.jpg,5,439,196
images/001/96/111367.jpg,5,439,196
images/001/97/790271.jpg,5,439,197
images/001/97/567800.jpg,5,439,197
images/001/97/294996.jpg,5,439,197
images/001/97/121661.jpg,5,439,197
images/001/97/567417.jpg,5,439,197
images/001/98/178900.jpg,5,439,198
images/001/98/826367.jpg,5,439,198
images/001/98/750245.jpg,5,439,198
images/001/98/482182.jpg,5,439,198
images/001/98/583798.jpg,5,439,198
images/001/99/299176.jpg,162,2618,199
images/001/99/8077.jpg,162,2618,199
images/001/99/141016.jpg,162,2618,199
images/001/99/175834.jpg,162,2618,199
images/001/99/4669.jpg,162,2618,199
images/002/00/504718.jpg,66,1338,200
images/002/00/223562.jpg,66,1338,200
images/002/00/839890.jpg,66,1338,200
images/002/00/691272.jpg,66,1338,200
images/002/00/707160.jpg,66,1338,200
images/002/01/888008.jpg,66,1338,201
images/002/01/122105.jpg,66,1338,201
images/002/02/175787.jpg,66,1338,202
images/002/02/34709.jpg,66,1338,202
images/002/02/243624.jpg,66,1338,202
images/002/02/621506.jpg,66,1338,202
images/002/02/853396.jpg,66,1338,202
images/002/03/939134.jpg,66,1338,203
images/002/03/61391.jpg,66,1338,203
images/002/03/563372.jpg,66,1338,203
images/002/04/53419.jpg,66,1338,204
images/002/04/960213.jpg,66,1338,204
images/002/04/412104.jpg,66,1338,204
images/002/04/927753.jpg,66,1338,204
images/002/04/469257.jpg,66,1338,204
images/002/05/827254.jpg,66,1338,205
images/002/05/647338.jpg,66,1338,205
images/002/06/37527.jpg,66,1338,206
images/002/06/647976.jpg,66,1338,206
images/002/07/516979.jpg,66,1338,207
images/002/07/954432.jpg,66,1338,207
images/002/07/55340.jpg,66,1338,207
images/002/07/692695.jpg,66,1338,207
images/002/07/973588.jpg,66,1338,207
images/002/08/732665.jpg,66,1338,208
images/002/08/369138.jpg,66,1338,208
images/002/08/94146.jpg,66,1338,208
images/002/08/261144.jpg,66,1338,208
images/002/09/881504.jpg,66,1338,209
images/002/09/785466.jpg,66,1338,209
images/002/09/280185.jpg,66,1338,209
images/002/09/695348.jpg,66,1338,209
images/002/09/9260.jpg,66,1338,209
images/002/10/35078.jpg,66,1338,210
images/002/10/725163.jpg,66,1338,210
images/002/11/858559.jpg,66,1338,211
images/002/11/770727.jpg,66,1338,211
images/002/11/289368.jpg,66,1338,211
images/002/11/827446.jpg,66,1338,211
images/002/12/822011.jpg,66,1338,212
images/002/12/112675.jpg,66,1338,212
images/002/12/76835.jpg,66,1338,212
images/002/12/997247.jpg,66,1338,212
images/002/12/77368.jpg,66,1338,212
images/002/13/630738.jpg,66,1338,213
images/002/13/556076.jpg,66,1338,213
images/002/14/225592.jpg,66,1338,214
images/002/14/233811.jpg,66,1338,214
images/002/14/404128.jpg,66,1338,214
images/002/14/435194.jpg,66,1338,214
images/002/14/315390.jpg,66,1338,214
images/002/15/92512.jpg,66,1338,215
images/002/15/935742.jpg,66,1338,215
images/002/16/810185.jpg,66,1338,216
images/002/16/312943.jpg,66,1338,216
images/002/16/625189.jpg,66,1338,216
images/002/16/765083.jpg,66,1338,216
images/002/17/375401.jpg,66,1338,217
images/002/17/967692.jpg,66,1338,217
images/002/17/947788.jpg,66,1338,217
images/002/17/283021.jpg,66,1338,217
images/002/18/326623.jpg,66,1338,218
images/002/18/262615.jpg,66,1338,218
images/002/18/113594.jpg,66,1338,218
images/002/18/504261.jpg,66,1338,218
images/002/18/152362.jpg,66,1338,218
images/002/19/380608.jpg,66,1338,219
images/002/19/1026040.jpg,66,1338,219
images/002/19/918191.jpg,66,1338,219
images/002/19/508251.jpg,66,1338,219
images/002/19/272574.jpg,66,1338,219
images/002/20/548579.jpg,66,1338,220
images/002/20/952664.jpg,66,1338,220
images/002/20/1020561.jpg,66,1338,220
images/002/20/543973.jpg,66,1338,220
images/002/20/995373.jpg,66,1338,220
images/002/21/671441.jpg,66,1338,221
images/002/21/365211.jpg,66,1338,221
images/002/21/786215.jpg,66,1338,221
images/002/21/438176.jpg,66,1338,221
images/002/21/161094.jpg,66,1338,221
images/002/22/304698.jpg,246,1868,222
images/002/22/979729.jpg,246,1868,222
images/002/22/276271.jpg,246,1868,222
images/002/22/318123.jpg,246,1868,222
images/002/22/354710.jpg,246,1868,222
images/002/23/477557.jpg,40,2778,223
images/002/23/272740.jpg,40,2778,223
images/002/23/135865.jpg,40,2778,223
images/002/24/77851.jpg,40,2778,224
images/002/24/376782.jpg,40,2778,224
images/002/24/632422.jpg,40,2778,224
images/002/24/933229.jpg,40,2778,224
images/002/24/25688.jpg,40,2778,224
images/002/25/573144.jpg,40,2778,225
images/002/25/59053.jpg,40,2778,225
images/002/26/141981.jpg,40,2731,226
images/002/26/376660.jpg,40,2731,226
images/002/26/252490.jpg,40,2731,226
images/002/26/547857.jpg,40,2731,226
images/002/26/449605.jpg,40,2731,226
images/002/27/258141.jpg,40,2731,227
images/002/27/887815.jpg,40,2731,227
images/002/27/998836.jpg,40,2731,227
images/002/27/756099.jpg,40,2731,227
images/002/27/183321.jpg,40,2731,227
images/002/28/131715.jpg,40,2731,228
images/002/28/647050.jpg,40,2731,228
images/002/28/225065.jpg,40,2731,228
images/002/28/38021.jpg,40,2731,228
images/002/28/51447.jpg,40,2731,228
images/002/29/332684.jpg,5,976,229
images/002/29/999688.jpg,5,976,229
images/002/29/907838.jpg,5,976,229
images/002/29/675906.jpg,5,976,229
images/002/29/302013.jpg,5,976,229
images/002/30/642970.jpg,66,2098,230
images/002/30/94825.jpg,66,2098,230
images/002/30/721169.jpg,66,2098,230
images/002/31/340700.jpg,114,1621,231
images/002/31/354920.jpg,114,1621,231
images/002/31/741238.jpg,114,1621,231
images/002/31/743107.jpg,114,1621,231
images/002/32/898657.jpg,38,438,232
images/002/32/752960.jpg,38,438,232
images/002/32/866681.jpg,38,438,232
images/002/32/909165.jpg,38,438,232
images/002/32/31532.jpg,38,438,232
images/002/33/749681.jpg,38,438,233
images/002/33/654246.jpg,38,438,233
images/002/33/498113.jpg,38,438,233
images/002/33/88369.jpg,38,438,233
images/002/33/291570.jpg,38,438,233
images/002/34/898856.jpg,38,438,234
images/002/34/199107.jpg,38,438,234
images/002/34/263193.jpg,38,438,234
images/002/34/296446.jpg,38,438,234
images/002/34/869506.jpg,38,438,234
images/002/35/822854.jpg,38,438,235
images/002/35/941070.jpg,38,438,235
images/002/35/384428.jpg,38,438,235
images/002/35/728462.jpg,38,438,235
images/002/35/975498.jpg,38,438,235
images/002/36/425899.jpg,38,438,236
images/002/36/425895.jpg,38,438,236
images/002/36/937961.jpg,38,438,236
images/002/36/642116.jpg,38,438,236
images/002/36/520182.jpg,38,438,236
images/002/37/788339.jpg,38,438,237
images/002/37/294817.jpg,38,438,237
images/002/37/937288.jpg,38,438,237
images/002/37/946028.jpg,38,438,237
images/002/37/384335.jpg,38,438,237
images/002/38/156745.jpg,38,438,238
images/002/38/30731.jpg,38,438,238
images/002/38/494469.jpg,38,438,238
images/002/38/347407.jpg,38,438,238
images/002/38/689145.jpg,38,438,238
images/002/39/86360.jpg,38,438,239
images/002/39/235852.jpg,38,438,239
images/002/39/261124.jpg,38,438,239
images/002/39/532664.jpg,38,438,239
images/002/39/1008036.jpg,38,438,239
images/002/40/653053.jpg,38,438,240
images/002/40/67885.jpg,38,438,240
images/002/40/160510.jpg,38,438,240
images/002/40/510313.jpg,38,438,240
images/002/40/694654.jpg,38,438,240
images/002/41/388921.jpg,38,438,241
images/002/41/977208.jpg,38,438,241
images/002/41/994049.jpg,38,438,241
images/002/41/64727.jpg,38,438,241
images/002/41/234284.jpg,38,438,241
images/002/42/690213.jpg,38,303,242
images/002/42/664531.jpg,38,303,242
images/002/42/655752.jpg,38,303,242
images/002/42/890538.jpg,38,303,242
images/002/42/715099.jpg,38,303,242
images/002/43/581262.jpg,38,303,243
images/002/43/968854.jpg,38,303,243
images/002/43/39573.jpg,38,303,243
images/002/43/307527.jpg,38,303,243
images/002/43/776040.jpg,38,303,243
images/002/44/477808.jpg,38,303,244
images/002/44/597123.jpg,38,303,244
images/002/44/827165.jpg,38,303,244
images/002/44/19065.jpg,38,303,244
images/002/44/933490.jpg,38,303,244
images/002/45/434271.jpg,38,303,245
images/002/45/187917.jpg,38,303,245
images/002/45/643933.jpg,38,303,245
images/002/45/207452.jpg,38,303,245
images/002/46/115766.jpg,38,303,246
images/002/46/322953.jpg,38,303,246
images/002/46/114923.jpg,38,303,246
images/002/46/492316.jpg,38,303,246
images/002/46/389422.jpg,38,303,246
images/002/47/1014740.jpg,38,303,247
images/002/47/292364.jpg,38,303,247
images/002/47/759781.jpg,38,303,247
images/002/47/772655.jpg,38,303,247
images/002/47/315006.jpg,38,303,247
images/002/48/96871.jpg,38,303,248
images/002/48/1025880.jpg,38,303,248
images/002/48/407493.jpg,38,303,248
images/002/48/602537.jpg,38,303,248
images/002/48/777773.jpg,38,303,248
images/002/49/767955.jpg,38,303,249
images/002/49/789963.jpg,38,303,249
images/002/49/762164.jpg,38,303,249
images/002/49/384066.jpg,38,303,249
images/002/49/959939.jpg,38,303,249
images/002/50/993537.jpg,160,3422,250
images/002/50/522843.jpg,160,3422,250
images/002/51/902867.jpg,160,3422,251
images/002/51/8747.jpg,160,3422,251
images/002/51/763613.jpg,160,3422,251
images/002/52/689421.jpg,160,3422,252
images/002/52/40100.jpg,160,3422,252
images/002/52/634610.jpg,160,3422,252
images/002/52/150601.jpg,160,3422,252
images/002/52/870347.jpg,160,3422,252
images/002/53/620468.jpg,160,3422,253
images/002/53/971804.jpg,160,3422,253
images/002/53/313222.jpg,160,3422,253
images/002/53/479211.jpg,160,3422,253
images/002/54/768706.jpg,160,3422,254
images/002/54/429618.jpg,160,3422,254
images/002/54/126148.jpg,160,3422,254
images/002/54/733954.jpg,160,3422,254
images/002/54/74606.jpg,160,3422,254
images/002/55/425955.jpg,160,3422,255
images/002/55/871361.jpg,160,3422,255
images/002/55/630522.jpg,160,3422,255
images/002/55/833746.jpg,160,3422,255
images/002/55/577625.jpg,160,3422,255
images/002/56/569201.jpg,160,3422,256
images/002/56/171223.jpg,160,3422,256
images/002/56/114974.jpg,160,3422,256
images/002/56/929828.jpg,160,3422,256
images/002/56/371143.jpg,160,3422,256
images/002/57/874701.jpg,160,3422,257
images/002/57/644902.jpg,160,3422,257
images/002/57/520411.jpg,160,3422,257
images/002/57/121656.jpg,160,3422,257
images/002/57/503026.jpg,160,3422,257
images/002/58/222670.jpg,160,3422,258
images/002/58/186270.jpg,160,3422,258
images/002/58/224965.jpg,160,3422,258
images/002/58/314265.jpg,160,3422,258
images/002/58/460090.jpg,160,3422,258
images/002/59/154161.jpg,160,3422,259
images/002/59/227766.jpg,160,3422,259
images/002/59/163815.jpg,160,3422,259
images/002/59/326782.jpg,160,3422,259
images/002/59/216213.jpg,160,3422,259
images/002/60/279582.jpg,2,2151,260
images/002/60/285155.jpg,2,2151,260
images/002/61/8964.jpg,2,2151,261
images/002/61/331726.jpg,2,2151,261
images/002/61/846643.jpg,2,2151,261
images/002/62/460416.jpg,5,82,262
images/002/62/179287.jpg,5,82,262
images/002/62/156996.jpg,5,82,262
images/002/63/945068.jpg,5,82,263
images/002/63/184916.jpg,5,82,263
images/002/63/355939.jpg,5,82,263
images/002/63/536203.jpg,5,82,263
images/002/63/464982.jpg,5,82,263
images/002/64/410634.jpg,5,82,264
images/002/64/239563.jpg,5,82,264
images/002/64/110963.jpg,5,82,264
images/002/64/791129.jpg,5,82,264
images/002/64/67102.jpg,5,82,264
images/002/65/66398.jpg,5,82,265
images/002/65/125837.jpg,5,82,265
images/002/65/341650.jpg,5,82,265
images/002/65/346124.jpg,5,82,265
images/002/65/853051.jpg,5,82,265
images/002/66/332548.jpg,5,82,266
images/002/66/14358.jpg,5,82,266
images/002/66/825273.jpg,5,82,266
images/002/67/161803.jpg,5,82,267
images/002/67/808710.jpg,5,82,267
images/002/67/897646.jpg,5,82,267
images/002/68/749229.jpg,5,82,268
images/002/68/733680.jpg,5,82,268
images/002/68/579049.jpg,5,82,268
images/002/68/889556.jpg,5,82,268
images/002/69/743950.jpg,5,82,269
images/002/69/858458.jpg,5,82,269
images/002/69/823205.jpg,5,82,269
images/002/69/978279.jpg,5,82,269
images/002/69/242745.jpg,5,82,269
images/002/70/996141.jpg,5,82,270
images/002/70/400567.jpg,5,82,270
images/002/70/614624.jpg,5,82,270
images/002/70/496045.jpg,5,82,270
images/002/70/84636.jpg,5,82,270
images/002/71/51966.jpg,13,3650,271
images/002/71/119377.jpg,13,3650,271
images/002/72/513612.jpg,37,135,272
images/002/72/676461.jpg,37,135,272
images/002/72/947780.jpg,37,135,272
images/002/72/766560.jpg,37,135,272
images/002/72/236986.jpg,37,135,272
images/002/73/350985.jpg,187,3095,273
images/002/73/713901.jpg,187,3095,273
images/002/73/931112.jpg,187,3095,273
images/002/73/674177.jpg,187,3095,273
images/002/73/123400.jpg,187,3095,273
images/002/74/719077.jpg,187,3095,274
images/002/74/249571.jpg,187,3095,274
images/002/74/372721.jpg,187,3095,274
images/002/74/479011.jpg,187,3095,274
images/002/74/935323.jpg,187,3095,274
images/002/75/74487.jpg,187,3095,275
images/002/75/279964.jpg,187,3095,275
images/002/75/279297.jpg,187,3095,275
images/002/75/591703.jpg,187,3095,275
images/002/75/957557.jpg,187,3095,275
images/002/76/601984.jpg,187,3095,276
images/002/76/801371.jpg,187,3095,276
images/002/76/121660.jpg,187,3095,276
images/002/76/646849.jpg,187,3095,276
images/002/76/699648.jpg,187,3095,276
images/002/77/526863.jpg,98,3155,277
images/002/77/848936.jpg,98,3155,277
images/002/77/394477.jpg,98,3155,277
images/002/77/923364.jpg,98,3155,277
images/002/77/973168.jpg,98,3155,277
images/002/78/646378.jpg,98,3155,278
images/002/78/86650.jpg,98,3155,278
images/002/78/292441.jpg,98,3155,278
images/002/78/362088.jpg,98,3155,278
images/002/78/7979.jpg,98,3155,278
images/002/79/736943.jpg,306,3589,279
images/002/79/520186.jpg,306,3589,279
images/002/79/860344.jpg,306,3589,279
images/002/79/1007388.jpg,306,3589,279
images/002/79/862471.jpg,306,3589,279
images/002/80/728263.jpg,13,1240,280
images/002/80/820245.jpg,13,1240,280
images/002/80/925338.jpg,13,1240,280
images/002/81/17934.jpg,5,2515,281
images/002/81/396980.jpg,5,2515,281
images/002/81/133235.jpg,5,2515,281
images/002/81/630426.jpg,5,2515,281
images/002/81/844450.jpg,5,2515,281
images/002/82/46297.jpg,5,965,282
images/002/82/954236.jpg,5,965,282
images/002/82/414082.jpg,5,965,282
images/002/82/935970.jpg,5,965,282
images/002/82/230868.jpg,5,965,282
images/002/83/195455.jpg,5,965,283
images/002/83/579676.jpg,5,965,283
images/002/83/195267.jpg,5,965,283
images/002/83/907893.jpg,5,965,283
images/002/83/869275.jpg,5,965,283
images/002/84/890714.jpg,5,965,284
images/002/84/96322.jpg,5,965,284
images/002/85/456121.jpg,5,965,285
images/002/85/232193.jpg,5,965,285
images/002/85/935587.jpg,5,965,285
images/002/85/324314.jpg,5,965,285
images/002/85/494733.jpg,5,965,285
images/002/86/141960.jpg,5,965,286
images/002/86/107491.jpg,5,965,286
images/002/86/75677.jpg,5,965,286
images/002/86/318167.jpg,5,965,286
images/002/86/347479.jpg,5,965,286
images/002/87/591281.jpg,71,1134,287
images/002/87/220536.jpg,71,1134,287
images/002/87/556818.jpg,71,1134,287
images/002/88/605152.jpg,71,1134,288
images/002/88/566173.jpg,71,1134,288
images/002/88/916521.jpg,71,1134,288
images/002/89/416616.jpg,71,1134,289
images/002/89/653417.jpg,71,1134,289
images/002/89/1014746.jpg,71,1134,289
images/002/89/979222.jpg,71,1134,289
images/002/89/456901.jpg,71,1134,289
images/002/90/503104.jpg,25,113,290
images/002/90/85152.jpg,25,113,290
images/002/90/173378.jpg,25,113,290
images/002/90/619093.jpg,25,113,290
images/002/90/1001680.jpg,25,113,290
images/002/91/795631.jpg,25,113,291
images/002/91/995451.jpg,25,113,291
images/002/91/843521.jpg,25,113,291
images/002/91/400296.jpg,25,113,291
images/002/91/950844.jpg,25,113,291
images/002/92/4337.jpg,30,2655,292
images/002/92/653947.jpg,30,2655,292
images/002/92/14039.jpg,30,2655,292
images/002/93/138590.jpg,30,2655,293
images/002/93/694873.jpg,30,2655,293
images/002/93/198043.jpg,30,2655,293
images/002/93/335022.jpg,30,2655,293
images/002/93/470656.jpg,30,2655,293
images/002/94/350573.jpg,30,2655,294
images/002/94/246940.jpg,30,2655,294
images/002/94/236438.jpg,30,2655,294
images/002/94/833279.jpg,30,2655,294
images/002/95/980486.jpg,30,2655,295
images/002/95/583725.jpg,30,2655,295
images/002/95/513943.jpg,30,2655,295
images/002/95/689019.jpg,30,2655,295
images/002/95/250347.jpg,30,2655,295
images/002/96/262116.jpg,187,3093,296
images/002/96/972316.jpg,187,3093,296
images/002/96/713214.jpg,187,3093,296
images/002/96/921897.jpg,187,3093,296
images/002/96/336964.jpg,187,3093,296
images/002/97/775572.jpg,187,3093,297
images/002/97/189963.jpg,187,3093,297
images/002/97/542802.jpg,187,3093,297
images/002/97/740488.jpg,187,3093,297
images/002/97/869080.jpg,187,3093,297
images/002/98/349278.jpg,166,727,298
images/002/98/248789.jpg,166,727,298
images/002/98/878667.jpg,166,727,298
images/002/98/473686.jpg,166,727,298
images/002/98/167769.jpg,166,727,298
images/002/99/118588.jpg,166,727,299
images/002/99/511889.jpg,166,727,299
images/002/99/913485.jpg,166,727,299
images/002/99/1009406.jpg,166,727,299
images/002/99/473207.jpg,166,727,299
images/003/00/437754.jpg,166,727,300
images/003/00/640892.jpg,166,727,300
images/003/00/897760.jpg,166,727,300
images/003/01/848185.jpg,166,727,301
images/003/01/287264.jpg,166,727,301
images/003/01/691865.jpg,166,727,301
images/003/01/951613.jpg,166,727,301
images/003/02/820257.jpg,166,727,302
images/003/02/172023.jpg,166,727,302
images/003/02/218954.jpg,166,727,302
images/003/02/29074.jpg,166,727,302
images/003/02/819220.jpg,166,727,302
images/003/03/103891.jpg,166,727,303
images/003/03/384084.jpg,166,727,303
images/003/04/858775.jpg,166,727,304
images/003/04/602200.jpg,166,727,304
images/003/04/704141.jpg,166,727,304
images/003/04/346803.jpg,166,727,304
images/003/05/942743.jpg,166,727,305
images/003/05/842109.jpg,166,727,305
images/003/05/230667.jpg,166,727,305
images/003/05/916486.jpg,166,727,305
images/003/05/772806.jpg,166,727,305
images/003/06/472661.jpg,166,727,306
images/003/06/439898.jpg,166,727,306
images/003/06/567651.jpg,166,727,306
images/003/06/391723.jpg,166,727,306
images/003/06/744923.jpg,166,727,306
images/003/07/1006926.jpg,166,727,307
images/003/07/307743.jpg,166,727,307
images/003/07/19604.jpg,166,727,307
images/003/07/540875.jpg,166,727,307
images/003/07/498744.jpg,166,727,307
images/003/08/102765.jpg,166,727,308
images/003/08/551631.jpg,166,727,308
images/003/09/508382.jpg,87,2399,309
images/003/09/88598.jpg,87,2399,309
images/003/09/567986.jpg,87,2399,309
images/003/10/369441.jpg,71,1890,310
images/003/10/632489.jpg,71,1890,310
images/003/10/507950.jpg,71,1890,310
images/003/10/897853.jpg,71,1890,310
images/003/10/311957.jpg,71,1890,310
images/003/11/244721.jpg,23,1090,311
images/003/11/565426.jpg,23,1090,311
images/003/11/120989.jpg,23,1090,311
images/003/11/657560.jpg,23,1090,311
images/003/11/92505.jpg,23,1090,311
images/003/12/108245.jpg,23,1090,312
images/003/12/328355.jpg,23,1090,312
images/003/12/760762.jpg,23,1090,312
images/003/12/424457.jpg,23,1090,312
images/003/12/696855.jpg,23,1090,312
images/003/13/239442.jpg,40,1277,313
images/003/13/158536.jpg,40,1277,313
images/003/13/529012.jpg,40,1277,313
images/003/13/854533.jpg,40,1277,313
images/003/13/795727.jpg,40,1277,313
images/003/14/49805.jpg,40,1277,314
images/003/14/211351.jpg,40,1277,314
images/003/14/808214.jpg,40,1277,314
images/003/14/606019.jpg,40,1277,314
images/003/14/69981.jpg,40,1277,314
images/003/15/638865.jpg,40,1277,315
images/003/15/101393.jpg,40,1277,315
images/003/16/158447.jpg,40,1277,316
images/003/16/988880.jpg,40,1277,316
images/003/16/876367.jpg,40,1277,316
images/003/16/742372.jpg,40,1277,316
images/003/17/61432.jpg,40,1277,317
images/003/17/201581.jpg,40,1277,317
images/003/17/644641.jpg,40,1277,317
images/003/17/454479.jpg,40,1277,317
images/003/17/587983.jpg,40,1277,317
images/003/18/8621.jpg,40,1277,318
images/003/18/520841.jpg,40,1277,318
images/003/18/353982.jpg,40,1277,318
images/003/18/908856.jpg,40,1277,318
images/003/18/565820.jpg,40,1277,318
images/003/19/1008486.jpg,40,1277,319
images/003/19/850505.jpg,40,1277,319
images/003/19/399395.jpg,40,1277,319
images/003/19/808823.jpg,40,1277,319
images/003/19/667709.jpg,40,1277,319
images/003/20/836052.jpg,40,1277,320
images/003/20/431649.jpg,40,1277,320
images/003/20/766620.jpg,40,1277,320
images/003/20/740874.jpg,40,1277,320
images/003/21/55379.jpg,40,1277,321
images/003/21/164694.jpg,40,1277,321
images/003/21/234321.jpg,40,1277,321
images/003/21/789353.jpg,40,1277,321
images/003/21/338805.jpg,40,1277,321
images/003/22/238874.jpg,30,2564,322
images/003/22/820269.jpg,30,2564,322
images/003/22/662097.jpg,30,2564,322
images/003/22/188394.jpg,30,2564,322
images/003/22/403904.jpg,30,2564,322
images/003/23/930547.jpg,40,2266,323
images/003/23/513204.jpg,40,2266,323
images/003/23/158848.jpg,40,2266,323
images/003/23/858554.jpg,40,2266,323
images/003/24/359222.jpg,40,2266,324
images/003/24/304632.jpg,40,2266,324
images/003/24/999888.jpg,40,2266,324
images/003/24/177295.jpg,40,2266,324
images/003/24/560998.jpg,40,2266,324
images/003/25/819115.jpg,115,3266,325
images/003/25/557907.jpg,115,3266,325
images/003/25/848720.jpg,115,3266,325
images/003/25/330622.jpg,115,3266,325
images/003/25/202093.jpg,115,3266,325
images/003/26/334219.jpg,38,1107,326
images/003/26/827006.jpg,38,1107,326
images/003/26/967463.jpg,38,1107,326
images/003/26/326062.jpg,38,1107,326
images/003/26/341255.jpg,38,1107,326
images/003/27/495049.jpg,38,1107,327
images/003/27/362410.jpg,38,1107,327
images/003/27/425080.jpg,38,1107,327
images/003/28/75117.jpg,38,1107,328
images/003/28/528532.jpg,38,1107,328
images/003/28/221251.jpg,38,1107,328
images/003/28/991440.jpg,38,1107,328
images/003/28/1007553.jpg,38,1107,328
images/003/29/990196.jpg,38,1107,329
images/003/29/779564.jpg,38,1107,329
images/003/29/375610.jpg,38,1107,329
images/003/29/773826.jpg,38,1107,329
images/003/30/728835.jpg,38,1107,330
images/003/30/237137.jpg,38,1107,330
images/003/30/854062.jpg,38,1107,330
images/003/30/184162.jpg,38,1107,330
images/003/31/568273.jpg,38,1107,331
images/003/31/640898.jpg,38,1107,331
images/003/31/313175.jpg,38,1107,331
images/003/31/659492.jpg,38,1107,331
images/003/31/203549.jpg,38,1107,331
images/003/32/944528.jpg,38,1107,332
images/003/32/908932.jpg,38,1107,332
images/003/32/704072.jpg,38,1107,332
images/003/32/474884.jpg,38,1107,332
images/003/32/515680.jpg,38,1107,332
images/003/33/983588.jpg,38,1107,333
images/003/33/771842.jpg,38,1107,333
images/003/33/682036.jpg,38,1107,333
images/003/34/318758.jpg,38,1107,334
images/003/34/389900.jpg,38,1107,334
images/003/34/680116.jpg,38,1107,334
images/003/35/38644.jpg,38,1107,335
images/003/35/294828.jpg,38,1107,335
images/003/36/1005128.jpg,38,1107,336
images/003/36/409097.jpg,38,1107,336
images/003/37/10132.jpg,38,1107,337
images/003/37/315558.jpg,38,1107,337
images/003/37/567245.jpg,38,1107,337
images/003/37/812328.jpg,38,1107,337
images/003/38/527589.jpg,65,1664,338
images/003/38/429576.jpg,65,1664,338
images/003/39/585312.jpg,65,1664,339
images/003/39/888403.jpg,65,1664,339
images/003/39/153809.jpg,65,1664,339
images/003/40/955568.jpg,65,1664,340
images/003/40/605256.jpg,65,1664,340
images/003/40/903812.jpg,65,1664,340
images/003/40/1018259.jpg,65,1664,340
images/003/40/573995.jpg,65,1664,340
images/003/41/52398.jpg,65,1664,341
images/003/41/721507.jpg,65,1664,341
images/003/42/247023.jpg,65,1664,342
images/003/42/899486.jpg,65,1664,342
images/003/42/84954.jpg,65,1664,342
images/003/42/835714.jpg,65,1664,342
images/003/43/932415.jpg,2,1757,343
images/003/43/410786.jpg,2,1757,343
images/003/43/153676.jpg,2,1757,343
images/003/44/54627.jpg,100,1801,344
images/003/44/991076.jpg,100,1801,344
images/003/44/735709.jpg,100,1801,344
images/003/45/471654.jpg,118,1467,345
images/003/45/883095.jpg,118,1467,345
images/003/45/257500.jpg,118,1467,345
images/003/45/699972.jpg,118,1467,345
images/003/45/618289.jpg,118,1467,345
images/003/46/381960.jpg,78,2828,346
images/003/46/23704.jpg,78,2828,346
images/003/46/1021845.jpg,78,2828,346
images/003/47/1015925.jpg,52,350,347
images/003/47/909036.jpg,52,350,347
images/003/48/1020868.jpg,52,350,348
images/003/48/966157.jpg,52,350,348
images/003/48/551259.jpg,52,350,348
images/003/49/61012.jpg,52,350,349
images/003/49/189039.jpg,52,350,349
images/003/49/915995.jpg,52,350,349
images/003/49/6405.jpg,52,350,349
images/003/49/571543.jpg,52,350,349
images/003/50/85705.jpg,52,350,350
images/003/50/116400.jpg,52,350,350
images/003/50/776403.jpg,52,350,350
images/003/50/67203.jpg,52,350,350
images/003/50/31877.jpg,52,350,350
images/003/51/474017.jpg,52,350,351
images/003/51/203940.jpg,52,350,351
images/003/51/486755.jpg,52,350,351
images/003/51/665505.jpg,52,350,351
images/003/51/623713.jpg,52,350,351
images/003/52/551051.jpg,52,350,352
images/003/52/765920.jpg,52,350,352
images/003/52/461648.jpg,52,350,352
images/003/52/852607.jpg,52,350,352
images/003/52/836575.jpg,52,350,352
images/003/53/128328.jpg,52,350,353
images/003/53/588998.jpg,52,350,353
images/003/53/995239.jpg,52,350,353
images/003/54/90694.jpg,52,350,354
images/003/54/543382.jpg,52,350,354
images/003/54/59644.jpg,52,350,354
images/003/54/900534.jpg,52,350,354
images/003/54/421672.jpg,52,350,354
images/003/55/393581.jpg,52,350,355
images/003/55/992000.jpg,52,350,355
images/003/55/591242.jpg,52,350,355
images/003/55/542841.jpg,52,350,355
images/003/56/797940.jpg,52,350,356
images/003/56/649937.jpg,52,350,356
images/003/57/759500.jpg,52,350,357
images/003/57/660262.jpg,52,350,357
images/003/57/437938.jpg,52,350,357
images/003/57/927764.jpg,52,350,357
images/003/57/281212.jpg,52,350,357
images/003/58/9112.jpg,52,350,358
images/003/58/236562.jpg,52,350,358
images/003/58/233130.jpg,52,350,358
images/003/58/529665.jpg,52,350,358
images/003/58/645079.jpg,52,350,358
images/003/59/353536.jpg,52,350,359
images/003/59/236879.jpg,52,350,359
images/003/60/12775.jpg,52,350,360
images/003/60/146205.jpg,52,350,360
images/003/61/1008701.jpg,52,350,361
images/003/61/608154.jpg,52,350,361
images/003/61/786530.jpg,52,350,361
images/003/61/997280.jpg,52,350,361
images/003/61/527094.jpg,52,350,361
images/003/62/574796.jpg,52,350,362
images/003/62/774561.jpg,52,350,362
images/003/62/26106.jpg,52,350,362
images/003/62/9850.jpg,52,350,362
images/003/62/678015.jpg,52,350,362
images/003/63/213502.jpg,52,350,363
images/003/63/17830.jpg,52,350,363
images/003/63/74168.jpg,52,350,363
images/003/63/667658.jpg,52,350,363
images/003/63/993837.jpg,52,350,363
images/003/64/412909.jpg,52,350,364
images/003/64/371644.jpg,52,350,364
images/003/65/947621.jpg,52,350,365
images/003/65/316283.jpg,52,350,365
images/003/65/410700.jpg,52,350,365
images/003/65/453354.jpg,52,350,365
images/003/66/341537.jpg,52,350,366
images/003/66/364365.jpg,52,350,366
images/003/66/693775.jpg,52,350,366
images/003/66/483590.jpg,52,350,366
images/003/66/274682.jpg,52,350,366
images/003/67/216183.jpg,52,350,367
images/003/67/378142.jpg,52,350,367
images/003/67/888761.jpg,52,350,367
images/003/67/590609.jpg,52,350,367
images/003/67/528635.jpg,52,350,367
images/003/68/634379.jpg,52,350,368
images/003/68/734286.jpg,52,350,368
images/003/69/147293.jpg,52,350,369
images/003/69/975984.jpg,52,350,369
images/003/69/158484.jpg,52,350,369
images/003/69/215955.jpg,52,350,369
images/003/70/597905.jpg,52,350,370
images/003/70/372848.jpg,52,350,370
images/003/70/587645.jpg,52,350,370
images/003/70/473879.jpg,52,350,370
images/003/70/789720.jpg,52,350,370
images/003/71/76896.jpg,52,350,371
images/003/71/588443.jpg,52,350,371
images/003/71/251898.jpg,52,350,371
images/003/71/432544.jpg,52,350,371
images/003/71/686353.jpg,52,350,371
images/003/72/88220.jpg,52,350,372
images/003/72/608582.jpg,52,350,372
images/003/72/924705.jpg,52,350,372
images/003/72/60840.jpg,52,350,372
images/003/72/1003300.jpg,52,350,372
images/003/73/64112.jpg,52,350,373
images/003/73/814340.jpg,52,350,373
images/003/73/351765.jpg,52,350,373
images/003/73/368891.jpg,52,350,373
images/003/74/805040.jpg,52,350,374
images/003/74/773073.jpg,52,350,374
images/003/74/323488.jpg,52,350,374
images/003/74/596914.jpg,52,350,374
images/003/74/486404.jpg,52,350,374
images/003/75/424545.jpg,52,350,375
images/003/75/968257.jpg,52,350,375
images/003/76/240864.jpg,52,350,376
images/003/76/686254.jpg,52,350,376
images/003/76/95139.jpg,52,350,376
images/003/77/767927.jpg,52,350,377
images/003/77/44110.jpg,52,350,377
images/003/77/66859.jpg,52,350,377
images/003/78/472366.jpg,52,350,378
images/003/78/275505.jpg,52,350,378
images/003/78/1029197.jpg,52,350,378
images/003/78/348368.jpg,52,350,378
images/003/78/557033.jpg,52,350,378
images/003/79/408355.jpg,52,350,379
images/003/79/135006.jpg,52,350,379
images/003/80/1029472.jpg,5,2910,380
images/003/80/351931.jpg,5,2910,380
images/003/80/362843.jpg,5,2910,380
images/003/80/986043.jpg,5,2910,380
images/003/80/256367.jpg,5,2910,380
images/003/81/153342.jpg,5,2819,381
images/003/81/214492.jpg,5,2819,381
images/003/82/353353.jpg,153,1906,382
images/003/82/452111.jpg,153,1906,382
images/003/83/543656.jpg,40,1283,383
images/003/83/660575.jpg,40,1283,383
images/003/83/371950.jpg,40,1283,383
images/003/83/574226.jpg,40,1283,383
images/003/83/357709.jpg,40,1283,383
images/003/84/722132.jpg,40,1283,384
images/003/84/772042.jpg,40,1283,384
images/003/84/451218.jpg,40,1283,384
images/003/84/989776.jpg,40,1283,384
images/003/84/82727.jpg,40,1283,384
images/003/85/580896.jpg,5,3675,385
images/003/85/877971.jpg,5,3675,385
images/003/86/389409.jpg,5,1475,386
images/003/86/323563.jpg,5,1475,386
images/003/86/67462.jpg,5,1475,386
images/003/86/333383.jpg,5,1475,386
images/003/86/808615.jpg,5,1475,386
images/003/87/587081.jpg,5,1475,387
images/003/87/387887.jpg,5,1475,387
images/003/87/388427.jpg,5,1475,387
images/003/87/725242.jpg,5,1475,387
images/003/88/900659.jpg,5,1475,388
images/003/88/695020.jpg,5,1475,388
images/003/88/504430.jpg,5,1475,388
images/003/88/133975.jpg,5,1475,388
images/003/89/563647.jpg,5,1475,389
images/003/89/294045.jpg,5,1475,389
images/003/89/594946.jpg,5,1475,389
images/003/89/154793.jpg,5,1475,389
images/003/89/448759.jpg,5,1475,389
images/003/90/356286.jpg,183,2369,390
images/003/90/506623.jpg,183,2369,390
images/003/90/890791.jpg,183,2369,390
images/003/90/354912.jpg,183,2369,390
images/003/90/475146.jpg,183,2369,390
images/003/91/591074.jpg,183,2369,391
images/003/91/249262.jpg,183,2369,391
images/003/91/91477.jpg,183,2369,391
images/003/91/987063.jpg,183,2369,391
images/003/91/495505.jpg,183,2369,391
images/003/92/39304.jpg,13,1897,392
images/003/92/395211.jpg,13,1897,392
images/003/92/299986.jpg,13,1897,392
images/003/92/6309.jpg,13,1897,392
images/003/93/741219.jpg,9,1651,393
images/003/93/976871.jpg,9,1651,393
images/003/93/253165.jpg,9,1651,393
images/003/93/984039.jpg,9,1651,393
images/003/93/357534.jpg,9,1651,393
images/003/94/655677.jpg,25,63,394
images/003/94/195529.jpg,25,63,394
images/003/94/915700.jpg,25,63,394
images/003/94/35197.jpg,25,63,394
images/003/94/41180.jpg,25,63,394
images/003/95/660542.jpg,25,63,395
images/003/95/680728.jpg,25,63,395
images/003/95/563033.jpg,25,63,395
images/003/95/638973.jpg,25,63,395
images/003/95/906444.jpg,25,63,395
images/003/96/822273.jpg,25,63,396
images/003/96/477202.jpg,25,63,396
images/003/96/195274.jpg,25,63,396
images/003/96/145269.jpg,25,63,396
images/003/96/143677.jpg,25,63,396
images/003/97/134764.jpg,25,63,397
images/003/97/287864.jpg,25,63,397
images/003/97/879603.jpg,25,63,397
images/003/97/649572.jpg,25,63,397
images/003/98/181084.jpg,25,63,398
images/003/98/471326.jpg,25,63,398
images/003/98/232194.jpg,25,63,398
images/003/98/756110.jpg,25,63,398
images/003/98/762287.jpg,25,63,398
images/003/99/19257.jpg,25,63,399
images/003/99/810727.jpg,25,63,399
images/004/00/187016.jpg,25,63,400
images/004/00/600727.jpg,25,63,400
images/004/00/813152.jpg,25,63,400
images/004/00/463781.jpg,25,63,400
images/004/00/11153.jpg,25,63,400
images/004/01/621870.jpg,25,63,401
images/004/01/984490.jpg,25,63,401
images/004/01/829972.jpg,25,63,401
images/004/01/948884.jpg,25,63,401
images/004/01/89458.jpg,25,63,401
images/004/02/195250.jpg,25,63,402
images/004/02/1002107.jpg,25,63,402
images/004/02/667973.jpg,25,63,402
images/004/02/670018.jpg,25,63,402
images/004/03/97270.jpg,25,63,403
images/004/03/50652.jpg,25,63,403
images/004/03/369832.jpg,25,63,403
images/004/04/355212.jpg,25,63,404
images/004/04/404421.jpg,25,63,404
images/004/04/382773.jpg,25,63,404
images/004/04/398047.jpg,25,63,404
images/004/04/480529.jpg,25,63,404
images/004/05/636967.jpg,25,63,405
images/004/05/177228.jpg,25,63,405
images/004/05/93536.jpg,25,63,405
images/004/06/66413.jpg,25,63,406
images/004/06/219204.jpg,25,63,406
images/004/06/515843.jpg,25,63,406
images/004/06/661685.jpg,25,63,406
images/004/06/951501.jpg,25,63,406
images/004/07/845777.jpg,25,57,407
images/004/07/312351.jpg,25,57,407
images/004/07/533078.jpg,25,57,407
images/004/07/226824.jpg,25,57,407
images/004/07/501575.jpg,25,57,407
images/004/08/576489.jpg,25,57,408
images/004/08/869270.jpg,25,57,408
images/004/08/987343.jpg,25,57,408
images/004/08/1027094.jpg,25,57,408
images/004/08/438154.jpg,25,57,408
images/004/09/632239.jpg,25,57,409
images/004/09/634421.jpg,25,57,409
images/004/09/449634.jpg,25,57,409
images/004/09/524365.jpg,25,57,409
images/004/09/175621.jpg,25,57,409
images/004/10/944416.jpg,25,57,410
images/004/10/631677.jpg,25,57,410
images/004/10/47256.jpg,25,57,410
images/004/10/89115.jpg,25,57,410
images/004/10/290404.jpg,25,57,410
images/004/11/791718.jpg,25,57,411
images/004/11/733243.jpg,25,57,411
images/004/11/571728.jpg,25,57,411
images/004/11/256560.jpg,25,57,411
images/004/11/292213.jpg,25,57,411
images/004/12/269020.jpg,25,57,412
images/004/12/900541.jpg,25,57,412
images/004/12/350775.jpg,25,57,412
images/004/12/94227.jpg,25,57,412
images/004/12/239767.jpg,25,57,412
images/004/13/534733.jpg,25,57,413
images/004/13/533090.jpg,25,57,413
images/004/13/39676.jpg,25,57,413
images/004/13/972466.jpg,25,57,413
images/004/13/460089.jpg,25,57,413
images/004/14/279596.jpg,25,57,414
images/004/14/791806.jpg,25,57,414
images/004/14/511679.jpg,25,57,414
images/004/14/743828.jpg,25,57,414
images/004/14/873223.jpg,25,57,414
images/004/15/28019.jpg,25,57,415
images/004/15/676047.jpg,25,57,415
images/004/15/569652.jpg,25,57,415
images/004/15/874615.jpg,25,57,415
images/004/15/363574.jpg,25,57,415
images/004/16/130010.jpg,25,57,416
images/004/16/220873.jpg,25,57,416
images/004/16/997360.jpg,25,57,416
images/004/16/1008339.jpg,25,57,416
images/004/16/162404.jpg,25,57,416
images/004/17/210850.jpg,25,57,417
images/004/17/353269.jpg,25,57,417
images/004/18/430198.jpg,25,57,418
images/004/18/473085.jpg,25,57,418
images/004/18/429104.jpg,25,57,418
images/004/18/456590.jpg,25,57,418
images/004/18/201082.jpg,25,57,418
images/004/19/434802.jpg,25,57,419
images/004/19/304328.jpg,25,57,419
images/004/19/482241.jpg,25,57,419
images/004/19/291791.jpg,25,57,419
images/004/19/997219.jpg,25,57,419
images/004/20/239034.jpg,25,57,420
images/004/20/650589.jpg,25,57,420
images/004/20/910315.jpg,25,57,420
images/004/20/943938.jpg,25,57,420
images/004/20/970132.jpg,25,57,420
images/004/21/12184.jpg,25,57,421
images/004/21/58740.jpg,25,57,421
images/004/21/920836.jpg,25,57,421
images/004/21/519671.jpg,25,57,421
images/004/21/525309.jpg,25,57,421
images/004/22/472452.jpg,25,57,422
images/004/22/672255.jpg,25,57,422
images/004/22/352359.jpg,25,57,422
images/004/22/667688.jpg,25,57,422
images/004/22/837330.jpg,25,57,422
images/004/23/34581.jpg,25,57,423
images/004/23/380149.jpg,25,57,423
images/004/23/713693.jpg,25,57,423
images/004/23/258171.jpg,25,57,423
images/004/23/836434.jpg,25,57,423
images/004/24/917142.jpg,25,57,424
images/004/24/399694.jpg,25,57,424
images/004/24/345631.jpg,25,57,424
images/004/24/223855.jpg,25,57,424
images/004/24/850860.jpg,25,57,424
images/004/25/496543.jpg,25,57,425
images/004/25/620281.jpg,25,57,425
images/004/25/614145.jpg,25,57,425
images/004/25/218133.jpg,25,57,425
images/004/25/602420.jpg,25,57,425
images/004/26/827123.jpg,25,57,426
images/004/26/836824.jpg,25,57,426
images/004/26/409077.jpg,25,57,426
images/004/26/941262.jpg,25,57,426
images/004/26/560381.jpg,25,57,426
images/004/27/445492.jpg,25,57,427
images/004/27/692997.jpg,25,57,427
images/004/27/158792.jpg,25,57,427
images/004/27/409102.jpg,25,57,427
images/004/27/25940.jpg,25,57,427
images/004/28/970422.jpg,25,57,428
images/004/28/168208.jpg,25,57,428
images/004/29/39526.jpg,25,57,429
images/004/29/63772.jpg,25,57,429
images/004/29/82927.jpg,25,57,429
images/004/29/737049.jpg,25,57,429
images/004/29/627175.jpg,25,57,429
images/004/30/870573.jpg,25,57,430
images/004/30/619739.jpg,25,57,430
images/004/31/23004.jpg,25,57,431
images/004/31/832078.jpg,25,57,431
images/004/31/49966.jpg,25,57,431
images/004/31/732691.jpg,25,57,431
images/004/31/709858.jpg,25,57,431
images/004/32/261364.jpg,25,57,432
images/004/32/164158.jpg,25,57,432
images/004/32/795506.jpg,25,57,432
images/004/32/880402.jpg,25,57,432
images/004/32/676303.jpg,25,57,432
images/004/33/793458.jpg,25,57,433
images/004/33/450362.jpg,25,57,433
images/004/33/844026.jpg,25,57,433
images/004/33/818265.jpg,25,57,433
images/004/33/529384.jpg,25,57,433
images/004/34/119538.jpg,25,57,434
images/004/34/136963.jpg,25,57,434
images/004/34/806697.jpg,25,57,434
images/004/34/904877.jpg,25,57,434
images/004/34/810544.jpg,25,57,434
images/004/35/295207.jpg,25,57,435
images/004/35/101533.jpg,25,57,435
images/004/35/910444.jpg,25,57,435
images/004/35/231169.jpg,25,57,435
images/004/35/790649.jpg,25,57,435
images/004/36/654180.jpg,25,57,436
images/004/36/411391.jpg,25,57,436
images/004/36/823063.jpg,25,57,436
images/004/36/384580.jpg,25,57,436
images/004/36/585915.jpg,25,57,436
images/004/37/801860.jpg,25,57,437
images/004/37/777089.jpg,25,57,437
images/004/38/542498.jpg,25,57,438
images/004/38/539290.jpg,25,57,438
images/004/38/93219.jpg,25,57,438
images/004/38/566507.jpg,25,57,438
images/004/38/754246.jpg,25,57,438
images/004/39/579384.jpg,25,57,439
images/004/39/853746.jpg,25,57,439
images/004/39/992344.jpg,25,57,439
images/004/39/368476.jpg,25,57,439
images/004/40/629962.jpg,25,57,440
images/004/40/1026842.jpg,25,57,440
images/004/40/574455.jpg,25,57,440
images/004/40/939574.jpg,25,57,440
images/004/40/905972.jpg,25,57,440
images/004/41/886787.jpg,25,57,441
images/004/41/493273.jpg,25,57,441
images/004/41/581782.jpg,25,57,441
images/004/41/146239.jpg,25,57,441
images/004/41/11346.jpg,25,57,441
images/004/42/850906.jpg,25,57,442
images/004/42/575395.jpg,25,57,442
images/004/42/225120.jpg,25,57,442
images/004/42/703653.jpg,25,57,442
images/004/42/756727.jpg,25,57,442
images/004/43/169362.jpg,25,57,443
images/004/43/109485.jpg,25,57,443
images/004/43/290258.jpg,25,57,443
images/004/43/25207.jpg,25,57,443
images/004/43/823603.jpg,25,57,443
images/004/44/155109.jpg,25,57,444
images/004/44/271907.jpg,25,57,444
images/004/44/650681.jpg,25,57,444
images/004/44/913499.jpg,25,57,444
images/004/44/136909.jpg,25,57,444
images/004/45/78307.jpg,25,57,445
images/004/45/56384.jpg,25,57,445
images/004/45/220092.jpg,25,57,445
images/004/45/682155.jpg,25,57,445
images/004/45/581963.jpg,25,57,445
images/004/46/935664.jpg,25,57,446
images/004/46/214604.jpg,25,57,446
images/004/46/282092.jpg,25,57,446
images/004/46/647639.jpg,25,57,446
images/004/46/418830.jpg,25,57,446
images/004/47/883776.jpg,25,57,447
images/004/47/898284.jpg,25,57,447
images/004/47/309592.jpg,25,57,447
images/004/47/264040.jpg,25,57,447
images/004/47/131709.jpg,25,57,447
images/004/48/748548.jpg,25,57,448
images/004/48/736417.jpg,25,57,448
images/004/48/543470.jpg,25,57,448
images/004/48/1006896.jpg,25,57,448
images/004/48/75023.jpg,25,57,448
images/004/49/151437.jpg,25,57,449
images/004/49/177963.jpg,25,57,449
images/004/49/849639.jpg,25,57,449
images/004/49/145213.jpg,25,57,449
images/004/49/964886.jpg,25,57,449
images/004/50/945916.jpg,25,57,450
images/004/50/266647.jpg,25,57,450
images/004/50/969852.jpg,25,57,450
images/004/50/631034.jpg,25,57,450
images/004/50/703531.jpg,25,57,450
images/004/51/922538.jpg,25,57,451
images/004/51/13856.jpg,25,57,451
images/004/51/891503.jpg,25,57,451
images/004/51/555641.jpg,25,57,451
images/004/51/861989.jpg,25,57,451
images/004/52/309373.jpg,25,57,452
images/004/52/679123.jpg,25,57,452
images/004/52/234947.jpg,25,57,452
images/004/52/540849.jpg,25,57,452
images/004/52/319556.jpg,25,57,452
images/004/53/99545.jpg,25,57,453
images/004/53/704492.jpg,25,57,453
images/004/54/197772.jpg,25,57,454
images/004/54/1020909.jpg,25,57,454
images/004/54/804191.jpg,25,57,454
images/004/54/505431.jpg,25,57,454
images/004/54/589619.jpg,25,57,454
images/004/55/403876.jpg,25,57,455
images/004/55/336244.jpg,25,57,455
images/004/55/1023061.jpg,25,57,455
images/004/55/31173.jpg,25,57,455
images/004/55/106166.jpg,25,57,455
images/004/56/684709.jpg,25,57,456
images/004/56/324917.jpg,25,57,456
images/004/56/14833.jpg,25,57,456
images/004/56/319312.jpg,25,57,456
images/004/56/405687.jpg,25,57,456
images/004/57/495377.jpg,25,57,457
images/004/57/298424.jpg,25,57,457
images/004/57/1000726.jpg,25,57,457
images/004/57/414707.jpg,25,57,457
images/004/57/662497.jpg,25,57,457
images/004/58/784949.jpg,25,57,458
images/004/58/336290.jpg,25,57,458
images/004/58/894446.jpg,25,57,458
images/004/58/686141.jpg,25,57,458
images/004/58/835419.jpg,25,57,458
images/004/59/682033.jpg,25,57,459
images/004/59/942955.jpg,25,57,459
images/004/59/655766.jpg,25,57,459
images/004/59/691525.jpg,25,57,459
images/004/59/177192.jpg,25,57,459
images/004/60/918740.jpg,25,57,460
images/004/60/844081.jpg,25,57,460
images/004/60/945202.jpg,25,57,460
images/004/60/178616.jpg,25,57,460
images/004/60/954775.jpg,25,57,460
images/004/61/134085.jpg,25,57,461
images/004/61/282034.jpg,25,57,461
images/004/61/181976.jpg,25,57,461
images/004/61/34210.jpg,25,57,461
images/004/61/331507.jpg,25,57,461
images/004/62/527709.jpg,25,57,462
images/004/62/813950.jpg,25,57,462
images/004/62/16122.jpg,25,57,462
images/004/62/750534.jpg,25,57,462
images/004/62/83872.jpg,25,57,462
images/004/63/230337.jpg,25,57,463
images/004/63/526164.jpg,25,57,463
images/004/63/688098.jpg,25,57,463
images/004/63/104396.jpg,25,57,463
images/004/63/657247.jpg,25,57,463
images/004/64/579839.jpg,25,57,464
images/004/64/577026.jpg,25,57,464
images/004/64/444094.jpg,25,57,464
images/004/64/159854.jpg,25,57,464
images/004/64/906077.jpg,25,57,464
images/004/65/119823.jpg,25,57,465
images/004/65/255713.jpg,25,57,465
images/004/65/230697.jpg,25,57,465
images/004/65/471442.jpg,25,57,465
images/004/65/333011.jpg,25,57,465
images/004/66/682171.jpg,25,57,466
images/004/66/682339.jpg,25,57,466
images/004/66/83313.jpg,25,57,466
images/004/66/669966.jpg,25,57,466
images/004/66/621598.jpg,25,57,466
images/004/67/372016.jpg,25,57,467
images/004/67/680289.jpg,25,57,467
images/004/68/26926.jpg,25,57,468
images/004/68/212444.jpg,25,57,468
images/004/68/248134.jpg,25,57,468
images/004/68/868227.jpg,25,57,468
images/004/68/443353.jpg,25,57,468
images/004/69/383632.jpg,25,57,469
images/004/69/512353.jpg,25,57,469
images/004/69/227940.jpg,25,57,469
images/004/69/767490.jpg,25,57,469
images/004/69/632202.jpg,25,57,469
images/004/70/631299.jpg,25,57,470
images/004/70/1000880.jpg,25,57,470
images/004/70/873628.jpg,25,57,470
images/004/70/813040.jpg,25,57,470
images/004/70/466459.jpg,25,57,470
images/004/71/534504.jpg,25,57,471
images/004/71/233444.jpg,25,57,471
images/004/71/974089.jpg,25,57,471
images/004/71/777489.jpg,25,57,471
images/004/71/746545.jpg,25,57,471
images/004/72/290954.jpg,25,57,472
images/004/72/723666.jpg,25,57,472
images/004/72/467823.jpg,25,57,472
images/004/72/912399.jpg,25,57,472
images/004/72/100935.jpg,25,57,472
images/004/73/440746.jpg,25,57,473
images/004/73/420130.jpg,25,57,473
images/004/73/771043.jpg,25,57,473
images/004/73/162573.jpg,25,57,473
images/004/73/267129.jpg,25,57,473
images/004/74/412170.jpg,25,57,474
images/004/74/493135.jpg,25,57,474
images/004/74/868406.jpg,25,57,474
images/004/74/470143.jpg,25,57,474
images/004/74/91124.jpg,25,57,474
images/004/75/760546.jpg,25,57,475
images/004/75/919539.jpg,25,57,475
images/004/75/988419.jpg,25,57,475
images/004/76/395879.jpg,25,57,476
images/004/76/617311.jpg,25,57,476
images/004/76/505852.jpg,25,57,476
images/004/76/999129.jpg,25,57,476
images/004/76/710195.jpg,25,57,476
images/004/77/322594.jpg,25,57,477
images/004/77/521245.jpg,25,57,477
images/004/77/390136.jpg,25,57,477
images/004/77/745367.jpg,25,57,477
images/004/77/316601.jpg,25,57,477
images/004/78/365964.jpg,25,57,478
images/004/78/985304.jpg,25,57,478
images/004/78/211169.jpg,25,57,478
images/004/78/1018690.jpg,25,57,478
images/004/79/185432.jpg,25,57,479
images/004/79/758927.jpg,25,57,479
images/004/79/256071.jpg,25,57,479
images/004/79/498428.jpg,25,57,479
images/004/79/232002.jpg,25,57,479
images/004/80/517508.jpg,25,57,480
images/004/80/375677.jpg,25,57,480
images/004/80/901966.jpg,25,57,480
images/004/80/381201.jpg,25,57,480
images/004/80/514083.jpg,25,57,480
images/004/81/313189.jpg,25,57,481
images/004/81/763105.jpg,25,57,481
images/004/81/234692.jpg,25,57,481
images/004/81/1001142.jpg,25,57,481
images/004/81/755656.jpg,25,57,481
images/004/82/633112.jpg,25,57,482
images/004/82/118736.jpg,25,57,482
images/004/82/682540.jpg,25,57,482
images/004/82/432188.jpg,25,57,482
images/004/82/778904.jpg,25,57,482
images/004/83/433433.jpg,25,57,483
images/004/83/848736.jpg,25,57,483
images/004/83/501590.jpg,25,57,483
images/004/83/1011029.jpg,25,57,483
images/004/83/47467.jpg,25,57,483
images/004/84/953033.jpg,25,57,484
images/004/84/820505.jpg,25,57,484
images/004/84/628993.jpg,25,57,484
images/004/84/1007937.jpg,25,57,484
images/004/84/34033.jpg,25,57,484
images/004/85/206269.jpg,25,57,485
images/004/85/109249.jpg,25,57,485
images/004/85/744755.jpg,25,57,485
images/004/86/837540.jpg,25,57,486
images/004/86/259750.jpg,25,57,486
images/004/86/120276.jpg,25,57,486
images/004/86/666336.jpg,25,57,486
images/004/86/349644.jpg,25,57,486
images/004/87/782282.jpg,25,57,487
images/004/87/573321.jpg,25,57,487
images/004/87/493315.jpg,25,57,487
images/004/87/144706.jpg,25,57,487
images/004/87/976337.jpg,25,57,487
images/004/88/1021952.jpg,25,57,488
images/004/88/635120.jpg,25,57,488
images/004/88/365685.jpg,25,57,488
images/004/88/259573.jpg,25,57,488
images/004/88/255760.jpg,25,57,488
images/004/89/997231.jpg,25,57,489
images/004/89/350434.jpg,25,57,489
images/004/89/258147.jpg,25,57,489
images/004/89/82924.jpg,25,57,489
images/004/89/400524.jpg,25,57,489
images/004/90/541495.jpg,25,57,490
images/004/90/828148.jpg,25,57,490
images/004/90/266329.jpg,25,57,490
images/004/90/198899.jpg,25,57,490
images/004/90/756570.jpg,25,57,490
images/004/91/658365.jpg,25,57,491
images/004/91/695439.jpg,25,57,491
images/004/91/527120.jpg,25,57,491
images/004/91/828815.jpg,25,57,491
images/004/91/215144.jpg,25,57,491
images/004/92/732873.jpg,25,57,492
images/004/92/138803.jpg,25,57,492
images/004/92/102688.jpg,25,57,492
images/004/92/208581.jpg,25,57,492
images/004/92/720463.jpg,25,57,492
images/004/93/195512.jpg,25,57,493
images/004/93/49233.jpg,25,57,493
images/004/93/777470.jpg,25,57,493
images/004/93/780212.jpg,25,57,493
images/004/93/16331.jpg,25,57,493
images/004/94/205699.jpg,25,57,494
images/004/94/533782.jpg,25,57,494
images/004/94/599259.jpg,25,57,494
images/004/94/514322.jpg,25,57,494
images/004/94/325101.jpg,25,57,494
images/004/95/680045.jpg,25,57,495
images/004/95/692439.jpg,25,57,495
images/004/95/984427.jpg,25,57,495
images/004/95/989393.jpg,25,57,495
images/004/95/80884.jpg,25,57,495
images/004/96/355754.jpg,25,57,496
images/004/96/994259.jpg,25,57,496
images/004/96/33956.jpg,25,57,496
images/004/96/352396.jpg,25,57,496
images/004/96/299090.jpg,25,57,496
images/004/97/841980.jpg,77,1733,497
images/004/97/994432.jpg,77,1733,497
images/004/97/691536.jpg,77,1733,497
images/004/97/70609.jpg,77,1733,497
images/004/97/122531.jpg,77,1733,497
images/004/98/916163.jpg,219,3455,498
images/004/98/250285.jpg,219,3455,498
images/004/98/351535.jpg,219,3455,498
images/004/98/455120.jpg,219,3455,498
images/004/98/10723.jpg,219,3455,498
images/004/99/345000.jpg,64,2997,499
images/004/99/589662.jpg,64,2997,499
images/004/99/151246.jpg,64,2997,499
images/004/99/819552.jpg,64,2997,499
images/004/99/313309.jpg,64,2997,499
images/005/00/85011.jpg,211,3479,500
images/005/00/240359.jpg,211,3479,500
images/005/00/624544.jpg,211,3479,500
images/005/00/125962.jpg,211,3479,500
images/005/00/67089.jpg,211,3479,500
